CountryName,Lat,Lon,Surface,Code,Region,IncomeGroup,E1990,E1991,E1992,E1993,E1994,E1995,E1996,E1997,E1998,E1999,E2000,E2001,E2002,E2003,E2004,E2005,E2006,E2007,E2008,E2009,E2010,E2011,E2012,E2013,E2014,E2015,EWachstum,P1990,P1991,P1992,P1993,P1994,P1995,P1996,P1997,P1998,P1999,P2000,P2001,P2002,P2003,P2004,P2005,P2006,P2007,P2008,P2009,P2010,P2011,P2012,P2013,P2014,P2015,
Afghanistan,33.93911,67.709953,652860,AFG,South Asia,Low income,15.92,17.04,26.52,30.59,32.80,35.08,37.95,41.43,44.09,52.19,54.24,54.06,43.77,42.28,49.84,40.86,37.14,33.86,21.34,17.81,14.84,11.48,13.97,16.33,19.31,18.42,2.50,12412308,13299017,14485546,15816603,17075727,18110657,18853437,19357126,19737765,20170844,20779953,21606988,22600770,23680871,24726684,25654277,26433049,27100536,27722276,28394813,29185507,30117413,31161376,32269589,33370794,34413603,
Albania,41.153332,20.168331,28750,ALB,Europe & Central Asia,Upper middle income,25.52,33.00,46.81,51.15,51.46,50.61,51.64,55.95,49.98,42.72,41.45,39.13,35.90,33.75,35.94,36.87,31.71,32.10,35.91,37.22,37.12,35.96,40.05,41.29,38.69,38.62,13.10,3286542,3266790,3247039,3227287,3207536,3187784,3168033,3148281,3128530,3108778,3089027,3060173,3051010,3039616,3026939,3011487,2992547,2970017,2947314,2927519,2913021,2905195,2900401,2895092,2889104,2880703,
Algeria,28.033886,1.659626,2381740,DZA,Middle East & North Africa,Upper middle income,0.18,0.32,0.29,0.48,0.40,0.42,0.39,0.47,0.54,0.51,0.43,0.43,0.51,0.47,0.44,0.58,0.41,0.41,0.30,0.31,0.26,0.18,0.19,0.14,0.07,0.06,-0.12,25758869,26400479,27028326,27635515,28213774,28757785,29266405,29742979,30192754,30623406,31042235,31451514,31855109,32264157,32692163,33149724,33641002,34166972,34730608,35333881,35977455,36661444,37383887,38140132,38923687,39728025,
Andorra,42.506285,1.521801,470,AND,Europe & Central Asia,High income,14.27,14.27,14.31,13.92,14.56,14.48,14.10,14.19,14.46,14.55,14.89,15.77,16.22,16.91,16.87,16.90,17.49,16.94,17.42,17.52,19.09,18.97,19.20,19.56,19.89,19.75,5.47,54509,56671,58888,60971,62677,63850,64360,64327,64142,64370,65390,67341,70049,73182,76244,78867,80993,82684,83862,84463,84449,83747,82427,80774,79213,78011,
Angola,-11.202692,17.873887,1246700,AGO,Sub-Saharan Africa,Lower middle income,72.26,71.89,72.72,71.28,72.22,73.95,73.14,73.73,76.82,73.41,74.62,73.76,72.13,67.31,65.49,70.95,65.02,61.60,58.11,55.75,54.19,52.72,52.25,50.69,50.80,49.57,-22.69,11848386,12248901,12657366,13075049,13503747,13945206,14400719,14871570,15359601,15866869,16395473,16945753,17519417,18121479,18758145,19433602,20149901,20905363,21695634,22514281,23356246,24220661,25107931,26015780,26941779,27884381,
Argentina,-38.416097,-63.616672,2780400,ARG,Latin America & Caribbean,Upper middle income,8.92,8.75,9.47,10.13,10.73,11.21,10.19,11.00,11.34,10.31,11.08,13.04,13.29,12.52,8.35,8.96,10.19,8.89,7.61,8.57,8.96,10.12,9.87,10.21,10.90,10.04,1.12,32618651,33079000,33529326,33970111,34402672,34828170,35246374,35657429,36063459,36467218,36870787,37275652,37681749,38087868,38491972,38892931,39289878,39684295,40080160,40482788,40788453,41261490,41733271,42202935,42669500,43131966,
Armenia,40.069099,45.038189,29740,ARM,Europe & Central Asia,Upper middle income,2.12,2.31,6.68,12.94,17.76,9.27,12.47,10.12,9.38,8.36,7.16,5.42,8.90,9.81,8.71,6.49,7.65,7.02,6.41,7.80,9.36,8.01,6.57,6.77,7.72,15.79,13.67,3538171,3505258,3442817,3363108,3283667,3217348,3168221,3133089,3108687,3089022,3069591,3050687,3033978,3017932,3000720,2981269,2958307,2932618,2907618,2888092,2877319,2876538,2884229,2897584,2912403,2925553,
Australia,-25.274398,133.775136,7741220,AUS,East Asia & Pacific,High income,8.01,8.25,7.52,8.62,8.26,8.22,8.87,9.08,8.60,8.51,8.42,8.37,8.74,7.15,6.68,6.71,6.85,6.95,6.79,7.11,8.11,8.26,8.25,9.09,9.28,9.18,1.17,17065100,17284000,17495000,17667000,17855000,18072000,18311000,18517000,18711000,18926000,19153000,19413000,19651400,19895400,20127400,20394800,20697900,20827600,21249200,21691700,22031750,22340024,22733465,23128129,23475686,23815995,
Austria,47.516231,14.550072,83879.00391,AUT,Europe & Central Asia,High income,25.14,24.50,26.14,26.36,25.68,25.63,24.04,24.87,24.41,26.44,26.39,25.48,24.68,22.58,23.22,24.17,26.25,28.60,29.36,30.51,30.66,30.99,33.43,34.68,35.39,34.39,9.26,7677850,7754891,7840709,7905633,7936118,7948278,7959017,7968041,7976789,7992324,8011566,8042293,8081957,8121423,8171966,8227829,8268641,8295487,8321496,8343323,8363404,8391643,8429991,8479823,8546356,8642699,
Azerbaijan,40.143105,47.576927,86600,AZE,Europe & Central Asia,Upper middle income,0.72,0.80,1.22,1.98,1.52,1.37,1.74,1.99,2.48,2.14,2.07,1.75,2.35,2.94,3.07,3.37,2.86,3.79,3.09,3.27,4.45,3.56,2.85,2.53,2.12,2.31,1.59,7159000,7271000,7382000,7495000,7597000,7685000,7763000,7838250,7913000,7982750,8048600,8111200,8171950,8234100,8306500,8391850,8484550,8581300,8763400,8947243,9054332,9173082,9295784,9416801,9535079,9649341,
Bahamas,25.03428,-77.39628,13880,BHS,Latin America & Caribbean,High income,0.00,0.00,0.00,0.00,0.00,0.00,0.00,0.00,0.00,0.00,0.00,0.45,0.42,1.69,1.70,1.84,2.17,3.71,2.15,1.92,1.66,1.43,1.18,0.84,1.09,1.21,1.21,256223,261008,266029,271069,275846,280184,283978,287358,290597,294062,298051,302618,307660,313129,318894,324859,331033,337389,343681,349604,354942,359577,363584,367168,370633,374206,
Bangladesh,23.684994,90.356331,147630,BGD,South Asia,Lower middle income,71.66,73.16,71.66,70.56,68.98,63.80,62.12,59.97,60.23,60.53,59.01,55.79,54.32,52.64,52.12,50.78,48.90,47.48,45.58,43.69,41.05,39.44,38.61,38.76,37.63,34.75,-36.92,103171956,105599127,107983704,110350639,112737683,115169930,117649932,120160564,122682815,125189651,127657854,130088702,132478086,134791603,136986432,139035505,140921167,142660376,144304167,145924797,147575430,149273778,151007807,152764676,154520167,156256276,
Barbados,13.193887,-59.543198,430,BRB,Latin America & Caribbean,High income,18.94,18.48,16.98,15.12,15.11,16.03,16.81,16.40,12.14,12.81,13.62,12.29,11.07,9.95,9.93,9.91,9.90,9.71,8.63,9.38,9.03,4.58,4.13,3.40,3.16,2.79,-16.16,260936,261905,262886,263874,264893,265955,267049,268187,269336,270451,271515,272500,273425,274329,275284,276323,277477,278700,279946,281104,282131,282987,283700,284296,284825,285324,
Belarus,53.709807,27.953389,207600,BLR,Europe & Central Asia,Upper middle income,0.82,0.90,1.05,1.25,2.07,2.53,3.10,3.39,3.64,3.98,4.98,5.53,5.76,5.60,5.66,6.15,6.49,6.62,6.49,6.78,7.02,7.38,7.25,7.01,6.63,6.77,5.95,10189000,10194000,10216000,10239000,10227000,10194000,10160000,10117000,10069000,10026738,9979610,9928549,9865548,9796749,9730146,9663915,9604924,9560953,9527985,9506765,9490583,9473172,9464495,9465997,9474511,9489616,
Belgium,50.503887,4.469936,30530,BEL,Europe & Central Asia,High income,1.27,1.22,1.19,0.96,0.94,1.26,1.18,1.15,1.29,1.40,1.45,1.58,1.69,1.89,2.02,2.47,2.83,3.33,3.91,4.83,5.84,6.63,7.76,8.13,9.07,9.20,7.93,9967379,10004486,10045158,10084475,10115603,10136811,10156637,10181245,10203008,10226419,10251250,10286570,10332785,10376133,10421137,10478617,10547958,10625700,10709973,10796493,10895586,11038264,11106932,11159407,11209057,11274196,
Belize,17.189877,-88.49765,22970,BLZ,Latin America & Caribbean,Upper middle income,38.01,32.44,36.29,35.60,34.08,34.92,42.68,36.66,35.32,35.03,34.55,29.61,31.19,30.17,32.02,31.01,36.80,32.31,34.06,26.62,33.71,31.02,37.11,34.66,36.91,35.02,-2.99,187552,191128,194324,197622,201680,206963,213664,221580,230244,238988,247315,255063,262378,269425,276504,283800,291329,299025,306823,314655,322464,330237,338000,345715,353366,360933,
Benin,9.30769,2.315834,114760,BEN,Sub-Saharan Africa,Low income,93.70,94.96,94.85,94.99,94.98,94.77,84.15,80.63,79.57,76.91,70.29,66.85,64.04,61.73,60.69,59.19,57.30,54.49,54.76,52.83,48.12,49.45,51.15,52.71,52.54,50.86,-42.84,4978496,5149499,5331803,5521763,5714220,5905558,6094259,6281639,6470265,6664098,6865951,7076733,7295394,7520555,7750004,7982225,8216897,8454793,8696921,8944708,9199259,9460830,9729248,10004588,10286842,10575952,
Bhutan,27.514162,90.433601,38393.99902,BTN,South Asia,Lower middle income,95.90,95.92,95.29,95.86,95.29,94.37,93.24,91.35,91.53,91.57,91.40,91.75,91.20,91.92,93.45,91.66,91.92,92.19,92.00,92.61,90.89,89.61,88.04,87.04,87.03,86.90,-8.99,530804,534632,534516,532596,531897,534620,541465,551709,564377,577881,591021,603640,616018,627839,638815,648739,657410,664876,671613,678323,685503,693298,701583,710238,719056,727876,
Bolivia,-16.290154,-63.588653,1098580,BOL,Latin America & Caribbean,Lower middle income,37.36,38.28,37.05,37.24,35.52,33.54,33.14,32.76,31.40,31.54,27.39,28.31,27.74,26.08,24.51,23.48,22.55,21.53,20.51,19.99,20.07,19.29,17.92,18.64,16.82,17.54,-19.82,6864842,7011453,7160920,7312850,7466793,7622338,7779267,7937458,8096761,8257066,8418264,8580235,8742814,8905823,9069039,9232306,9395446,9558439,9721454,9884781,10048590,10212954,10377676,10542376,10706517,10869730,
Bosnia and Herzegovina,43.915886,17.679076,51210,BIH,Europe & Central Asia,Upper middle income,7.30,8.76,11.57,14.61,33.39,33.22,32.85,27.60,26.74,28.43,19.35,20.27,21.21,20.14,20.10,19.74,18.12,14.84,14.28,17.43,19.57,14.16,15.28,19.48,41.75,40.75,33.45,4463423,4369319,4233676,4078937,3936524,3829050,3764425,3736070,3734337,3743354,3751176,3755512,3759387,3762173,3764194,3765331,3765424,3762786,3754271,3735938,3705472,3661175,3604972,3542605,3482104,3429361,
Botswana,-22.328474,24.684866,581730,BWA,Sub-Saharan Africa,Upper middle income,47.58,48.08,44.71,45.89,48.27,47.17,44.69,44.00,37.40,39.83,36.56,35.67,34.25,34.23,32.12,30.76,29.37,27.67,27.16,28.28,30.19,30.00,29.75,29.22,28.80,28.88,-18.70,1286756,1326322,1363554,1399110,1434059,1469174,1504730,1540425,1575824,1610264,1643334,1674678,1704642,1734398,1765527,1799078,1835908,1875459,1915639,1953498,1987105,2015402,2039551,2062536,2088614,2120716,
Brazil,-14.235004,-51.92528,8515770,BRA,Latin America & Caribbean,Upper middle income,49.86,48.94,48.70,48.20,48.35,46.13,44.53,43.73,43.86,44.10,42.80,41.48,43.02,45.31,45.39,46.35,46.91,47.42,47.26,49.11,47.01,45.47,43.62,42.45,41.84,43.79,-6.07,149003223,151648011,154259380,156849078,159432716,162019896,164614688,167209040,169785250,172318675,174790340,177196054,179537520,181809246,184006481,186127103,188167356,190130443,192030362,193886508,195713635,197514534,199287296,201035903,202763735,204471769,
Brunei Darussalam,4.535277,114.727669,5770,BRN,East Asia & Pacific,High income,0.67,0.43,0.21,0.00,0.00,0.00,0.00,0.00,0.00,0.00,0.00,0.00,0.00,0.00,0.00,0.00,0.00,0.00,0.00,0.00,0.00,0.02,0.01,0.01,0.01,0.01,-0.66,258721,266210,273892,281681,289454,297114,304622,311958,319144,326210,333165,340034,346782,353293,359433,365114,370263,374965,379421,383906,388646,393688,398989,404421,409769,414907,
Bulgaria,42.733883,25.48583,111000,BGR,Europe & Central Asia,Upper middle income,1.92,2.25,2.68,2.47,2.38,3.11,3.55,3.81,5.89,6.63,7.98,7.28,8.73,9.16,9.60,9.89,10.00,8.87,9.95,11.66,14.37,13.28,15.75,18.16,16.97,17.65,15.73,8718289,8632367,8540164,8472313,8443591,8406067,8362826,8312068,8256786,8210624,8170172,8009142,7837161,7775327,7716860,7658972,7601022,7545338,7492561,7444443,7395599,7348328,7305888,7265115,7223938,7177991,
Burkina Faso,12.238333,-1.561593,274220,BFA,Sub-Saharan Africa,Low income,93.16,93.25,93.29,93.48,93.61,93.14,92.16,91.39,91.01,86.85,85.41,83.68,79.34,79.08,83.53,86.54,84.62,82.43,82.94,83.60,81.45,80.57,77.18,75.43,75.24,74.17,-18.99,8811034,9050084,9297113,9552476,9816588,10089878,10372745,10665546,10968724,11282701,11607942,11944587,12293100,12654621,13030569,13421930,13829176,14252021,14689725,15141098,15605217,16081911,16571246,17072775,17586017,18110624,
Burundi,-3.373056,29.918886,27830,BDI,Sub-Saharan Africa,Low income,95.20,94.24,95.00,94.91,95.12,95.11,95.19,95.24,95.26,93.75,93.23,96.23,96.16,97.02,97.27,97.29,96.86,96.89,96.85,96.92,96.76,96.59,93.96,94.07,94.60,95.68,0.48,5438957,5564926,5685565,5798053,5898967,5987043,6060111,6122130,6185562,6267124,6378871,6525545,6704113,6909154,7131693,7364862,7607849,7862214,8126102,8397668,8675602,8958406,9245988,9540289,9844297,10160030,
Cabo Verde,16.5388,-23.0418,4030,CPV,Sub-Saharan Africa,Lower middle income,36.63,38.09,37.96,39.48,40.41,39.08,36.16,36.58,35.25,31.17,28.98,28.18,27.86,35.25,33.96,26.61,25.07,24.96,27.61,26.16,21.74,21.62,24.40,26.13,26.20,26.58,-10.05,337950,346230,355757,366053,376407,386284,395533,404259,412514,420452,428188,435709,442951,449930,456617,463032,469170,475060,480842,486671,492654,498856,505235,511748,518269,524743,
Cameroon,7.369722,12.354722,475440,CMR,Sub-Saharan Africa,Lower middle income,81.59,83.19,84.43,83.94,83.61,84.48,84.94,84.58,84.38,86.13,84.48,85.20,85.21,85.25,85.46,86.23,85.43,80.71,80.71,79.09,78.60,78.37,78.05,77.61,76.98,76.54,-5.05,11780088,12137912,12499499,12864090,13230984,13599988,13970813,14344449,14723768,15112592,15513945,15928910,16357602,16800865,17259322,17733410,18223674,18730282,19252666,19789919,20341241,20906388,21485266,22077298,22681858,23298368,
Canada,56.130366,-106.346771,9984670,CAN,North America,High income,22.02,22.20,21.93,21.80,21.69,21.92,21.58,21.31,21.52,21.71,21.51,21.01,21.77,21.18,21.58,22.25,22.09,22.13,22.53,22.70,22.08,21.97,22.61,22.38,22.02,22.03,0.00,27691138,28037420,28371264,28684764,29000663,29302311,29610218,29905948,30155173,30401286,30685730,31020902,31360079,31644028,31940655,32243753,32571174,32889025,33247118,33628895,34004889,34339328,34714222,35082954,35437435,35702908,
Central African Republic,6.611111,20.939444,622980,CAF,Sub-Saharan Africa,Low income,93.49,93.75,94.11,93.81,93.19,93.05,91.66,91.86,89.02,85.41,85.07,84.86,84.86,85.53,85.65,85.65,84.80,80.86,80.58,80.58,79.81,78.77,78.03,77.08,76.90,76.57,-16.93,2806734,2878509,2959236,3046149,3135015,3222656,3308233,3392436,3475492,3558014,3640427,3722018,3802128,3881181,3959875,4038382,4118069,4198010,4273366,4337625,4386768,4418636,4436415,4447942,4464175,4493170,
Chad,15.454166,18.732207,1284000,TCD,Sub-Saharan Africa,Low income,98.16,98.30,98.23,98.17,98.12,98.14,98.09,97.92,97.60,97.30,97.16,97.26,97.26,91.97,92.12,91.73,91.81,90.71,90.07,91.05,90.79,90.60,90.65,89.46,89.24,89.36,-8.81,5963252,6157079,6356748,6563922,6781053,7010145,7250975,7503493,7770048,8053536,8355654,8678051,9019233,9373916,9734767,10096633,10457124,10818024,11183588,11560147,11952136,12360989,12784750,13220424,13663559,14110975,
Chile,-35.675147,-71.542969,756700,CHL,Latin America & Caribbean,High income,34.03,37.27,38.62,35.77,34.82,34.17,32.23,29.95,29.75,29.05,31.36,32.15,33.07,31.61,31.43,32.26,32.91,30.46,30.83,31.53,27.04,28.79,30.30,30.18,26.72,24.88,-9.14,13274623,13495258,13719819,13944937,14166340,14380866,14587370,14786220,14977733,15162800,15342353,15516113,15684409,15849652,16014971,16182721,16354504,16530195,16708258,16886186,17062536,17233576,17400347,17571507,17758959,17969353,
China,35.86166,104.195397,9562910,CHN,East Asia & Pacific,Upper middle income,34.08,33.26,32.93,31.68,31.25,29.47,30.54,30.18,29.74,30.51,29.73,28.46,27.10,23.95,20.25,18.20,17.09,15.35,14.60,13.91,12.88,11.70,11.97,11.84,12.22,12.41,-21.67,1135185000,1150780000,1164970000,1178440000,1191835000,1204855000,1217550000,1230075000,1241935000,1252735000,1262645000,1271850000,1280400000,1288400000,1296075000,1303720000,1311020000,1317885000,1324655000,1331260000,1337705000,1344130000,1350695000,1357380000,1364270000,1371220000,
Colombia,4.570868,-74.297333,1141748.984,COL,Latin America & Caribbean,Upper middle income,38.25,37.00,33.23,33.20,33.97,33.70,33.78,25.80,25.94,29.14,28.03,27.23,28.79,30.69,29.16,28.73,28.98,29.66,28.96,29.55,27.93,26.78,26.64,24.47,24.44,23.56,-14.69,33102575,33758337,34422569,35091275,35758979,36421438,37076387,37723800,38364309,38999471,39629968,40255967,40875360,41483869,42075955,42647723,43200897,43737516,44254975,44750054,45222700,45663099,46076848,46497267,46969209,47520667,
Comoros,-11.6455,43.3333,1861.000061,COM,Sub-Saharan Africa,Lower middle income,49.84,50.71,50.24,49.95,59.96,59.54,60.80,59.78,49.96,49.59,48.25,47.95,48.45,42.87,41.84,44.28,43.37,50.11,50.95,49.82,46.41,47.79,48.01,44.08,46.62,45.33,-4.51,411594,423872,436448,449274,462277,475394,488627,501953,515385,528848,542357,555888,569479,583211,597228,611627,626425,641620,657229,673252,689692,706569,723871,741505,759390,777424,
Congo (Republic),-0.228021,15.827659,342000,COG,Sub-Saharan Africa,Lower middle income,65.41,64.56,67.60,68.41,76.47,69.80,75.41,80.15,79.73,76.95,64.85,61.18,68.63,62.21,63.24,63.49,69.69,60.68,57.22,56.39,55.15,64.95,65.51,62.69,62.40,62.40,-3.01,2356737,2422305,2489952,2559873,2632345,2707537,2785810,2867280,2951647,3038433,3127411,3217933,3310387,3406922,3510468,3622775,3745141,3876119,4011486,4145391,4273731,4394844,4510198,4622761,4736974,4856095,
Costa Rica,9.748917,-83.753428,51100,CRI,Latin America & Caribbean,Upper middle income,45.38,44.69,35.03,36.26,35.80,34.97,36.65,33.56,28.89,29.89,32.95,32.11,32.65,33.66,39.50,42.06,42.26,42.84,43.13,42.27,42.31,40.50,38.62,38.07,37.84,38.73,-6.65,3119433,3202085,3286520,3372298,3458834,3545534,3632362,3718949,3803887,3885430,3962372,4034074,4100925,4164053,4225155,4285502,4345412,4404628,4463125,4520740,4577378,4633086,4688000,4742107,4795396,4847804,
Cote d'Ivoire,38.9138935,-77.0535436,322460,CIV,Sub-Saharan Africa,Lower middle income,73.58,74.02,74.56,75.13,75.61,74.88,74.04,72.14,73.45,61.93,63.72,64.73,65.32,70.32,75.52,78.07,74.91,76.45,74.32,73.67,75.37,78.90,74.90,72.58,72.22,64.53,-9.05,11924877,12362407,12812421,13271643,13735433,14199762,14665127,15130663,15589414,16032573,16454668,16853026,17231539,17599610,17970494,18354514,18754916,19171237,19605569,20059147,20532950,21028655,21547188,22087505,22647683,23226143,
Croatia,45.1,15.2000001,56590,HRV,Europe & Central Asia,High income,21.92,33.35,29.81,29.90,30.10,30.38,34.13,29.21,28.11,27.81,26.79,26.95,24.63,24.84,26.59,26.84,25.52,22.67,24.16,27.18,29.78,27.19,29.42,32.84,33.65,33.13,11.20,4777368,4689022,4575818,4600463,4652024,4620030,4557097,4534920,4532135,4512597,4468302,4299642,4302174,4303399,4304600,4310145,4311159,4310217,4309705,4305181,4295427,4280622,4267558,4255689,4238389,4203604,
Cuba,21.521757,-77.781167,109880,CUB,Latin America & Caribbean,Upper middle income,42.89,47.17,51.31,46.87,45.78,41.25,41.43,36.82,34.82,33.72,34.43,34.05,34.81,33.57,33.78,26.32,21.97,18.59,18.73,16.12,13.16,16.68,17.10,16.89,18.80,19.28,-23.61,10596987,10673542,10736387,10789306,10838462,10888252,10939293,10989732,11038692,11084670,11126430,11164667,11199651,11229183,11250365,11261582,11261248,11251122,11236971,11226709,11225832,11236670,11257101,11282720,11306902,11324781,
Curacao,12.16957,-68.99002,444,CUW,Latin America & Caribbean,High income,0.00,0.00,0.00,0.10,0.08,0.08,0.08,0.08,0.08,0.08,0.07,0.28,0.27,0.27,0.27,0.26,0.25,0.25,0.24,0.25,0.24,0.24,0.36,0.36,0.35,0.35,0.35,145400,144403,143912,144299,144630,145139,146306,146956,144472,139428,133860,129047,129205,131897,134192,137658,141239,144056,145880,146833,148703,150831,152088,153822,155909,157980,
Cyprus,35.126413,33.429859,9250,CYP,Europe & Central Asia,High income,0.50,0.37,0.35,0.33,0.72,3.35,3.36,3.29,3.26,3.23,3.10,3.05,3.18,3.26,3.30,3.36,3.51,4.36,5.49,5.98,6.35,7.42,8.34,9.50,9.36,9.94,9.45,766615,783124,800611,818746,837110,855383,873423,891190,908702,926046,943290,960276,976964,993563,1010408,1027662,1045507,1063713,1081563,1098083,1112612,1124833,1135046,1143866,1152285,1160985,
Czech Republic,49.817492,15.472962,78870,CZE,Europe & Central Asia,High income,3.57,3.98,5.90,5.82,5.91,5.30,5.24,5.65,5.97,6.48,5.94,6.29,7.28,6.72,7.11,7.51,7.86,8.29,8.96,10.21,10.92,12.12,12.76,13.92,14.83,14.83,11.26,10333355,10308578,10319123,10329855,10333587,10327253,10315241,10304131,10294373,10283860,10255063,10216605,10196916,10193998,10197101,10211216,10238905,10298828,10384603,10443936,10474410,10496088,10510785,10514272,10525347,10546059,
Democratic Republic of the Congo,-4.038333,21.758664,2344860,COD,Sub-Saharan Africa,Low income,92.05,95.14,95.88,96.11,96.61,96.90,96.96,97.06,96.85,97.00,97.94,98.34,98.27,97.97,97.88,97.42,97.33,97.17,96.97,97.02,96.83,96.25,95.53,94.01,92.87,95.82,3.77,34612023,35908244,37333914,38815834,40252975,41576234,42757243,43827180,44849967,45919613,47105826,48428545,49871666,51425580,53068880,54785903,56578037,58453683,60411195,62448574,64563854,66755153,69020747,71358807,73767447,76244544,
Denmark,56.26392,9.501785,42920,DNK,Europe & Central Asia,High income,7.04,7.07,7.75,7.70,7.33,7.51,7.26,8.10,8.52,9.07,10.74,11.12,11.87,12.72,14.45,16.13,15.27,17.70,18.55,19.34,21.35,23.90,27.28,27.34,30.27,33.17,26.13,5140939,5154298,5171370,5188628,5206180,5233373,5263074,5284991,5304219,5321799,5339616,5358783,5375931,5390574,5404523,5419432,5437272,5461438,5493621,5523095,5547683,5570572,5591572,5614932,5643475,5683483,
Djibouti,11.825138,42.590275,23200,DJI,Middle East & North Africa,Lower middle income,26.59,27.21,28.17,29.05,30.95,31.17,32.03,31.56,31.95,32.68,31.44,31.68,32.44,32.88,33.62,33.09,33.01,32.52,33.14,33.31,34.43,34.44,34.07,34.01,34.15,15.38,-11.21,590398,606844,615054,618495,622366,630388,643654,660863,680463,699975,717584,733015,746942,759641,771603,783254,794563,805451,816358,827823,840198,853674,868136,883293,898696,913993,
Dominica,15.414999,-61.370976,750,DMA,Latin America & Caribbean,Upper middle income,14.60,14.51,14.49,13.63,13.53,15.65,20.85,15.52,15.01,14.08,11.03,9.39,13.58,10.54,9.99,9.60,8.64,7.75,7.46,8.16,8.91,11.48,9.73,9.88,8.61,7.83,-6.77,70419,70374,70544,70831,71043,71098,70936,70599,70185,69835,69650,69661,69837,70100,70382,70589,70718,70795,70827,70851,70878,70916,70965,71016,71085,71183,
Dominican Republic,18.735693,-70.162651,48670,DOM,Latin America & Caribbean,Upper middle income,28.01,28.16,25.36,26.85,24.44,22.34,20.31,18.25,19.75,19.54,18.42,18.48,15.91,18.67,20.54,19.33,18.43,18.22,17.94,17.55,16.98,17.24,17.05,17.51,18.02,16.48,-11.53,7133494,7270409,7408342,7546463,7683707,7819247,7952763,8084407,8214426,8343283,8471321,8598601,8724975,8850317,8974444,9097257,9218686,9338861,9458075,9576737,9695121,9813210,9930911,10048224,10165178,10281680,
Ecuador,-1.831239,-78.183406,256370,ECU,Latin America & Caribbean,Upper middle income,24.20,24.16,20.80,21.62,20.85,20.35,19.29,16.54,18.19,21.06,20.03,18.43,18.06,17.97,15.97,12.16,12.97,12.81,15.09,13.30,12.11,13.35,13.10,12.68,12.22,13.82,-10.38,10230934,10472475,10716129,10961466,11208001,11455204,11703174,11951452,12198449,12442115,12681123,12914667,13143465,13369678,13596388,13825847,14059384,14296557,14535739,14774424,15011117,15243883,15474102,15707474,15951838,16212020,
Egypt,26.820553,30.802498,1001450,EGY,Middle East & North Africa,Lower middle income,8.50,9.05,8.72,8.84,9.83,9.00,8.68,8.34,8.25,8.56,8.10,7.71,7.26,7.39,7.54,6.49,6.23,6.09,5.97,5.76,5.72,5.58,5.55,5.71,5.87,5.71,-2.79,56134475,57424549,58666814,59880658,61095804,62334034,63601629,64892270,66200269,67515591,68831561,70152661,71485043,72826097,74172073,75523569,76873663,78232126,79636079,81134798,82761235,84529250,86422240,88404640,90424654,92442547,
El Salvador,13.794185,-88.89653,21040,SLV,Latin America & Caribbean,Lower middle income,67.14,64.73,61.69,59.34,57.20,54.75,56.94,53.06,51.59,51.01,50.86,50.19,50.74,47.98,47.39,47.19,47.65,33.27,36.93,29.30,30.77,30.31,27.26,28.16,28.27,24.40,-42.74,5270079,5342198,5416323,5490477,5561919,5628600,5689938,5746284,5797765,5844846,5887936,5927006,5962136,5994077,6023797,6052123,6079399,6105810,6131764,6157686,6183875,6210568,6237923,6266070,6295128,6325124,
Equatorial Guinea,1.650801,10.267895,28050,GNQ,Sub-Saharan Africa,Upper middle income,84.71,83.96,84.01,84.46,83.69,82.48,76.75,66.03,68.02,61.82,52.58,24.10,15.39,14.83,12.32,7.86,6.63,5.68,6.31,6.10,5.95,5.64,5.35,5.96,7.64,7.82,-76.89,419188,432853,447266,462637,479098,496768,515853,536460,558492,581770,606181,631666,658384,686664,716949,749535,784496,821687,860840,901599,943639,986853,1031191,1076413,1122276,1168568,
Eritrea,15.179384,39.782334,117600,ERI,Sub-Saharan Africa,Low income,89.99,89.87,89.82,83.57,80.09,77.89,76.38,77.60,75.00,76.13,76.78,74.85,74.83,75.04,70.10,74.86,78.56,80.02,81.90,81.81,81.25,80.75,80.23,80.23,79.93,79.77,,2258653,2266358,2257596,2238626,2218430,2204222,2196464,2195179,2206432,2237405,2292416,2374722,2481058,2600973,2719803,2826659,2918205,2996536,3062779,3119920,3170435,3213972,3213972,3213972,3213972,3213972,
Estonia,58.595272,25.0136071,45340,EST,Europe & Central Asia,High income,3.36,3.53,5.91,6.71,9.29,12.32,19.54,19.74,17.75,20.07,19.84,18.94,19.42,19.83,19.99,18.86,17.16,18.57,20.19,24.09,25.13,24.98,24.91,24.48,25.33,27.48,24.12,1569174,1561314,1533091,1494128,1462514,1436634,1415594,1399535,1386156,1390244,1396985,1388115,1379350,1370720,1362550,1354775,1346810,1340680,1337090,1334515,1331475,1327439,1322696,1317997,1314545,1315407,
Eswatini,-26.522503,31.465866,17360,SWZ,Sub-Saharan Africa,Lower middle income,85.25,86.67,92.26,91.99,73.21,72.76,75.50,47.93,49.11,48.87,48.19,47.82,49.80,49.77,48.83,49.65,62.29,64.73,63.94,64.69,62.68,61.25,62.47,66.71,67.69,66.10,-19.14,822420,845266,866993,887706,907620,926841,945508,963426,979918,994108,1005435,1013609,1019059,1022802,1026286,1030579,1036092,1042652,1049945,1057467,1064837,1072032,1079288,1086839,1095021,1104044,
Ethiopia,9.145,40.489673,1104300,ETH,Sub-Saharan Africa,Low income,96.64,96.71,97.74,97.20,96.88,96.62,96.35,96.22,96.10,96.19,95.95,95.08,95.02,94.75,94.66,95.13,94.94,94.57,94.52,94.60,94.52,94.01,93.75,93.00,92.07,92.16,-4.47,47887865,49609969,51423585,53295566,55180998,57047908,58883530,60697443,62507724,64343013,66224804,68159423,70142091,72170584,74239505,76346311,78489206,80674348,82916235,85233913,87639964,90139927,92726971,95385785,98094253,100835458,
Fiji,-17.713371,178.065032,18270,FJI,East Asia & Pacific,Upper middle income,53.09,60.07,58.59,59.01,63.78,60.06,59.71,54.96,49.79,56.05,52.88,45.16,51.30,45.82,38.95,43.60,41.41,38.04,45.55,34.99,29.61,33.93,32.79,36.42,34.57,31.26,-21.83,728573,735401,744469,754963,765609,775425,784386,792736,800157,806303,811006,813925,815257,816076,817860,821604,827870,836190,845361,853637,859818,863449,865069,865608,866453,868627,
Finland,61.92411,25.7481511,338450,FIN,Europe & Central Asia,High income,24.51,24.03,25.12,26.00,25.13,27.27,26.87,28.83,30.50,30.24,31.67,29.24,29.51,28.34,31.09,31.51,31.24,31.79,34.73,32.60,33.58,35.26,38.80,38.48,41.24,43.24,18.73,4986431,5013740,5041992,5066447,5088333,5107790,5124573,5139835,5153498,5165474,5176209,5188008,5200598,5213014,5228172,5246096,5266268,5288720,5313399,5338871,5363352,5388272,5413971,5438972,5461512,5479531,
France,46.227638,2.213749,549086.9922,FRA,Europe & Central Asia,High income,10.41,11.01,11.26,10.86,10.93,10.70,10.49,9.99,9.71,9.78,9.26,9.40,8.67,8.85,8.89,8.60,8.46,9.32,10.47,11.22,11.85,10.91,12.37,13.48,13.35,13.50,3.09,58235697,58559311,58851217,59106768,59327192,59541899,59753100,59964851,60186288,60496718,60912500,61357430,61805267,62244886,62704895,63179351,63621381,64016225,64374984,64707040,65027507,65342780,65659809,65998687,66316100,66593366,
Gabon,-0.803689,11.609444,267670,GAB,Sub-Saharan Africa,Upper middle income,78.28,75.15,74.78,73.81,72.89,71.94,71.49,69.97,69.67,71.34,72.78,72.42,79.81,83.63,85.77,85.24,86.15,87.35,87.38,88.10,85.88,79.77,75.51,82.23,81.35,82.01,3.73,949488,975783,1002579,1029778,1057255,1084946,1112955,1141338,1170061,1199052,1228360,1258003,1288315,1319953,1353795,1390549,1430152,1472575,1518540,1568928,1624140,1684635,1749682,1817071,1883800,1947686,
Gambia,13.443182,-15.310139,11300,GMB,Sub-Saharan Africa,Low income,61.44,61.80,62.94,62.68,60.98,59.58,59.07,58.19,56.93,55.82,63.13,59.64,60.68,60.47,59.85,60.04,59.27,56.73,55.75,53.40,54.71,54.16,54.22,56.64,51.93,51.51,-9.93,955593,992673,1027475,1060862,1094212,1128575,1164091,1200526,1238125,1277133,1317703,1360074,1404261,1449925,1496527,1543741,1591445,1639848,1689285,1740279,1793196,1848147,1905011,1963711,2024042,2085860,
Georgia,32.1656221,-82.9000751,69700,GEO,Europe & Central Asia,Upper middle income,12.77,14.12,18.54,26.03,22.70,46.39,42.75,44.36,47.53,49.66,47.25,53.15,56.76,55.33,54.53,41.48,37.22,36.22,36.30,36.72,39.15,31.54,28.69,34.98,31.89,28.66,15.89,4802000,4835900,4873500,4911100,4836076,4657722,4491699,4349913,4243607,4157192,4077131,4014373,3978515,3951736,3927340,3902469,3880347,3860158,3848449,3814419,3786695,3756441,3728874,3717668,3719414,3725276,
Germany,51.165691,10.451526,357580,DEU,Europe & Central Asia,High income,2.10,1.99,2.06,2.11,2.27,2.32,2.25,2.82,3.05,3.26,3.70,3.90,4.41,5.06,5.83,6.76,7.75,9.41,8.59,9.63,10.29,11.39,12.02,12.09,13.38,14.21,12.11,79433029,80013896,80624598,81156363,81438348,81678051,81914831,82034771,82047195,82100243,82211508,82349925,82488495,82534176,82516260,82469422,82376451,82266372,82110097,81902307,81776930,80274983,80425823,80645605,80982500,81686611,
Ghana,7.946527,-1.023194,238540,GHA,Sub-Saharan Africa,Lower middle income,80.63,82.93,81.00,81.30,80.56,79.79,78.83,78.34,73.58,72.78,71.62,69.31,65.68,64.47,62.37,61.43,58.56,54.53,55.86,49.91,49.78,48.01,44.48,44.04,45.05,41.41,-39.21,14773277,15207367,15653336,16106765,16561674,17014057,17462496,17908985,18357156,18812359,19278856,19756928,20246381,20750299,21272323,21814642,22379055,22963946,23563825,24170940,24779619,25387710,25996449,26607642,27224472,27849205,
Greece,39.074208,21.824312,131960,GRC,Europe & Central Asia,High income,7.81,8.32,7.90,7.99,8.04,8.31,8.21,7.83,7.38,7.83,7.52,6.81,7.02,7.28,7.54,7.72,8.21,7.92,8.11,8.92,11.09,11.09,13.86,16.29,16.09,17.17,9.36,10196792,10319927,10399061,10460415,10512922,10562153,10608800,10661259,10720509,10761698,10805808,10862132,10902022,10928070,10955141,10987314,11020362,11048473,11077841,11107017,11121341,11104899,11045011,10965211,10892413,10820883,
Grenada,12.1165,-61.679,340,GRD,Latin America & Caribbean,Upper middle income,8.34,8.11,7.74,8.07,7.43,7.42,6.15,8.33,10.11,10.30,10.47,10.40,10.44,10.41,10.54,10.54,10.34,9.88,10.66,10.44,10.50,11.24,11.34,10.89,11.08,10.92,2.58,96331,96460,97165,98230,99352,100288,101001,101567,102021,102432,102833,103249,103634,104005,104347,104661,104933,105190,105456,105789,106233,106796,107446,108170,108902,109599,
Guatemala,15.783471,-90.230759,108890,GTM,Latin America & Caribbean,Upper middle income,74.97,74.26,72.29,69.92,68.49,65.14,65.73,65.30,62.04,64.61,62.74,61.39,60.54,59.01,57.55,57.33,57.90,57.03,60.78,58.30,66.59,66.42,66.22,64.98,59.90,63.65,-11.31,9263813,9483270,9708544,9938692,10172297,10408489,10646674,10887634,11133501,11387203,11650743,11924946,12208848,12500478,12796925,13096028,13397021,13700327,14006428,14316263,14630417,14948803,15270778,15595821,15923243,16252429,
Guinea,9.945587,-9.696645,245860,GIN,Sub-Saharan Africa,Low income,89.30,89.41,86.33,86.18,85.95,89.93,88.84,85.31,84.36,86.32,85.62,84.93,84.38,83.46,83.19,81.56,81.06,80.36,80.15,79.25,75.71,74.75,76.37,78.53,78.52,76.27,-13.03,6352283,6534939,6716038,6897166,7081116,7269625,7463782,7662075,7860781,8054743,8240730,8417081,8586074,8753093,8925743,9109581,9307425,9518162,9738792,9964469,10192176,10420471,10652029,10892810,11150977,11432088,
Guinea-Bissau,11.803749,-15.180413,36130,GNB,Sub-Saharan Africa,Low income,88.58,88.57,88.51,88.04,88.52,88.55,89.40,88.36,89.02,88.06,91.24,91.21,91.04,89.05,88.55,88.53,88.29,87.90,88.42,87.89,87.81,87.72,87.61,87.42,87.06,86.85,-1.73,975261,997522,1020350,1043423,1066346,1088854,1110833,1132510,1154371,1177131,1201301,1227106,1254453,1283305,1313492,1344930,1377581,1411543,1446936,1483921,1522599,1562989,1604979,1648257,1692439,1737202,
Guyana,4.860416,-58.93018,214970,GUY,Latin America & Caribbean,Upper middle income,42.23,33.31,42.46,44.43,39.71,38.38,38.61,36.93,34.65,35.75,39.50,40.32,43.24,43.40,44.49,43.36,47.27,35.98,34.54,33.70,33.84,36.30,28.26,26.27,24.02,25.26,-16.98,743309,744474,748602,754144,758896,761291,760795,757970,753778,749674,746715,745206,744789,745143,745737,746163,746343,746474,746817,747718,749436,752028,755399,759285,763380,767432,
Haiti,18.971187,-72.285215,27750,HTI,Latin America & Caribbean,Low income,81.12,81.69,83.43,84.61,95.04,81.32,82.18,80.59,79.30,77.06,76.04,73.88,74.75,74.92,71.29,76.90,77.01,75.56,75.77,76.87,79.02,79.01,83.16,82.33,78.39,76.07,-5.05,7037917,7178607,7319493,7460689,7602320,7744503,7887304,8030726,8174680,8319057,8463806,8608819,8754150,8900104,9047077,9195288,9344785,9495328,9646580,9798046,9949322,10100320,10250930,10400673,10549008,10695542,
Honduras,15.199999,-86.241905,112490,HND,Latin America & Caribbean,Lower middle income,70.13,70.20,67.75,66.73,63.95,62.97,62.63,65.38,62.87,53.76,55.13,50.54,49.56,48.45,48.19,49.81,51.57,50.13,51.16,52.60,53.16,51.97,48.78,49.77,54.04,51.54,-18.59,4955303,5098591,5244678,5394412,5548960,5709014,5874809,6045699,6220406,6397151,6574509,6751912,6929265,7106319,7282953,7458985,7634298,7808518,7980955,8150775,8317470,8480671,8640691,8798521,8955589,9112916,
Hong Kong,22.3193039,114.1693611,1110,HKG,East Asia & Pacific,High income,1.07,1.04,0.89,0.90,0.81,0.84,0.86,0.84,0.62,0.53,0.60,0.60,0.68,0.70,0.75,0.76,0.74,0.70,0.72,0.65,0.83,1.07,0.82,0.90,0.86,0.85,-0.22,5704500,5752000,5800500,5901000,6035400,6156100,6435500,6489300,6543700,6606500,6665000,6714300,6744100,6730800,6783500,6813200,6857100,6916300,6957800,6972800,7024200,7071600,7150100,7178900,7229500,7291300,
Hungary,47.162494,19.5033041,93030,HUN,Europe & Central Asia,High income,3.86,4.28,4.89,5.05,5.11,5.42,5.14,5.23,5.19,5.16,5.17,5.12,5.17,5.01,4.63,4.66,5.36,6.14,6.76,8.40,13.46,14.74,16.47,17.20,15.67,15.56,11.70,10373988,10373400,10369341,10357523,10343355,10328965,10311238,10290486,10266570,10237530,10210971,10187576,10158608,10129552,10107146,10087065,10071370,10055780,10038188,10022650,10000023,9971727,9920362,9893082,9866468,9843028,
Iceland,64.963051,-19.020835,103000,ISL,Europe & Central Asia,High income,54.67,54.79,54.63,54.66,54.14,55.65,52.25,54.88,57.21,59.82,60.66,62.12,61.84,61.88,61.81,62.47,64.02,66.75,73.46,74.12,75.42,76.45,77.34,76.22,76.34,77.03,22.36,254826,257797,261057,263725,266021,267468,268916,271128,274047,277381,281205,284968,287523,289521,292074,296734,303782,311566,317414,318499,318041,319014,320716,323764,327386,330815,
India,20.593684,78.96288,3287259.063,IND,South Asia,Lower middle income,58.65,57.60,57.23,56.98,55.56,54.48,53.77,52.49,52.71,51.72,51.58,51.79,50.57,50.84,49.72,48.58,47.44,45.87,43.63,40.77,39.48,38.93,38.39,37.85,36.65,36.02,-22.63,873277798,891273209,909307016,927403860,945601831,963922588,982365243,1000900030,1019483581,1038058156,1056575549,1075000085,1093317189,1111523144,1129623456,1147609927,1165486291,1183209472,1200669765,1217726215,1234281170,1250288729,1265782790,1280846129,1295604184,1310152403,
Indonesia,-0.789275,113.921327,1913580,IDN,East Asia & Pacific,Lower middle income,58.60,57.83,56.82,55.43,52.81,50.10,48.75,47.09,48.30,45.08,45.58,44.31,44.64,42.98,41.42,41.45,39.94,39.97,40.16,38.97,37.75,38.23,38.23,38.11,37.45,36.88,-21.72,181413402,184591903,187739786,190851175,193917462,196934260,199901228,202826446,205724592,208615169,211513823,214427417,217357793,220309469,223285676,226289470,229318262,232374245,235469762,238620563,241834215,245116206,248452413,251806402,255129004,258383256,
Iran,32.427908,53.688046,1745150,IRN,Middle East & North Africa,Upper middle income,1.24,1.23,1.45,1.53,1.09,1.02,1.03,0.90,0.84,0.59,0.44,0.52,0.66,0.83,0.74,1.40,1.40,1.30,0.70,0.78,0.90,0.92,0.93,1.00,0.94,0.91,-0.33,56366217,57679034,58780370,59723764,60590614,61442664,62294920,63136312,63971836,64800880,65623405,66449112,67284796,68122938,68951281,69762347,70554760,71336475,72120604,72924837,73762519,74634956,75539862,76481943,77465753,78492215,
Iraq,33.223191,43.679291,435051.9922,IRQ,Middle East & North Africa,Upper middle income,1.60,0.75,0.49,0.39,0.36,0.37,0.35,0.36,0.39,0.38,0.36,0.35,0.32,0.36,0.36,2.30,2.55,2.03,1.19,1.24,1.71,1.07,1.26,1.37,0.91,0.80,-0.80,17419113,17889459,18402734,18955085,19539340,20149338,20783073,21439574,22114324,22802064,23497585,24208180,24931919,25644499,26313838,26922284,27448124,27911248,28385746,28973162,29741976,30725300,31890011,33157050,34411951,35572261,
Ireland,53.1423672,-7.6920536,70280,IRL,Europe & Central Asia,High income,2.28,2.23,2.16,2.11,2.18,1.92,1.93,1.90,2.28,2.06,2.03,1.97,2.25,2.01,2.31,2.89,3.20,3.56,4.15,5.25,5.27,6.71,6.62,7.40,8.52,9.08,6.80,3513974,3534235,3558430,3576261,3590386,3608841,3637510,3674171,3712696,3754786,3805174,3866243,3931947,3996521,4070262,4159914,4273591,4398942,4489544,4535375,4560155,4580084,4599533,4623816,4657740,4701957,
Israel,31.046051,34.851612,22070,ISR,Middle East & North Africa,High income,5.80,6.03,6.24,5.89,5.65,5.44,5.45,5.70,6.07,5.87,5.97,6.30,6.52,6.52,6.71,7.00,6.82,6.65,8.82,8.42,8.50,9.02,2.69,3.32,3.68,3.71,-2.09,4660000,4949000,5123000,5261000,5399000,5545000,5692000,5836000,5971000,6125000,6289000,6439000,6570000,6689700,6809000,6930100,7053700,7180100,7308800,7485600,7623600,7765800,7910500,8059500,8215700,8380100,
Italy,41.87194,12.56738,301340,ITA,Europe & Central Asia,High income,3.78,4.67,4.84,4.77,5.25,4.46,4.75,4.83,4.76,5.02,5.12,5.38,5.60,6.24,5.94,6.70,7.51,8.73,10.82,12.54,12.79,11.90,14.39,16.32,17.09,16.52,12.74,56719240,56758521,56797087,56831821,56843400,56844303,56860281,56890372,56906744,56916317,56942108,56974100,57059007,57313203,57685327,57969484,58143979,58438310,58826731,59095365,59277417,59379449,59539717,60233948,60789140,60730582,
Jamaica,18.109581,-77.297508,10990,JAM,Latin America & Caribbean,Upper middle income,7.63,7.69,8.68,10.54,9.26,10.78,10.12,10.29,9.37,9.33,11.90,11.15,12.73,13.00,11.48,11.32,9.31,9.50,10.76,14.04,13.72,13.88,17.04,15.76,16.12,16.77,9.14,2419906,2439334,2461049,2484581,2509043,2533711,2558637,2583916,2608873,2632675,2654701,2674702,2692845,2709437,2725015,2740003,2754407,2768227,2781876,2795837,2810460,2825929,2842132,2858709,2875136,2891021,
Japan,36.204824,138.252924,377970,JPN,East Asia & Pacific,High income,4.55,4.73,4.20,4.44,3.57,3.92,3.84,4.07,4.05,3.83,3.92,3.74,3.70,4.08,4.01,3.65,4.03,3.75,3.98,4.04,4.59,4.69,4.53,4.91,5.63,6.30,1.75,123537000,123921000,124229000,124536000,124961000,125439000,125757000,126057000,126400000,126631000,126843000,127149000,127445000,127718000,127761000,127773000,127854000,128001000,128063000,128047000,128070000,127833000,127629000,127445000,127276000,127141000,
Jordan,30.585164,36.238414,89320,JOR,Middle East & North Africa,Upper middle income,2.77,2.88,2.53,2.53,2.34,2.22,2.19,2.14,2.20,2.18,2.08,2.12,2.09,1.98,1.83,1.69,2.28,2.33,2.74,2.78,2.97,3.03,2.94,3.15,3.13,3.23,0.46,3565890,3760496,3977672,4201555,4410359,4588843,4732854,4848541,4943975,5031762,5122493,5217336,5317506,5434030,5580244,5765635,5991540,6255280,6556478,6893260,7261539,7663131,8090872,8520420,8920049,9266575,
Kazakhstan,48.019573,66.923684,2724901.875,KAZ,Europe & Central Asia,Upper middle income,1.41,1.29,1.17,1.34,1.83,1.58,1.63,1.67,1.54,1.79,2.51,2.41,2.77,2.28,1.89,2.09,2.13,1.83,1.15,1.31,1.38,1.38,1.33,1.17,1.31,1.56,0.15,16348000,16450500,16439095,16330419,16095199,15815626,15577894,15333703,15071300,14928426,14883626,14858335,14858948,14909018,15012985,15147029,15308084,15484192,15674000,16092822,16321872,16557201,16792089,17035550,17288285,17542806,
Kenya,-0.023559,37.906193,580370,KEN,Sub-Saharan Africa,Lower middle income,77.50,78.83,79.44,80.21,80.83,79.51,78.73,79.54,79.68,79.46,79.04,80.24,80.54,83.18,82.27,81.23,79.77,80.26,80.48,78.15,76.27,77.08,78.50,77.14,75.52,72.66,-4.84,23724579,24521703,25326078,26136216,26950513,27768296,28589451,29415659,30250488,31098757,31964557,32848564,33751739,34678779,35635271,36624895,37649033,38705932,39791981,40901792,42030676,43178257,44343410,45519889,46699981,47878336,
Kiribati,-3.370417,-168.734039,810,KIR,East Asia & Pacific,Lower middle income,5.22,5.10,5.03,4.24,4.45,4.30,3.75,4.21,4.18,4.33,4.85,5.23,3.81,3.93,3.78,2.79,2.51,3.11,2.67,3.08,3.46,3.57,3.28,3.03,3.47,4.25,-0.97,72400,73692,74766,75716,76670,77723,78903,80187,81556,82972,84396,85849,87305,88835,90499,92325,94343,96527,98761,100930,102927,104728,106370,107890,109391,110930,
Kyrgyz Republic,41.20438,74.766098,199950,KGZ,Europe & Central Asia,Lower middle income,7.93,9.02,13.00,16.20,26.52,34.97,29.50,28.75,25.07,34.55,35.17,36.01,28.30,30.52,27.71,28.04,27.77,24.50,22.05,24.73,25.59,25.95,22.45,24.58,26.61,23.31,15.38,4391200,4463600,4515400,4516700,4515100,4560400,4628400,4696400,4769000,4840400,4898400,4945100,4990700,5043300,5104700,5162600,5218400,5268400,5318700,5383300,5447900,5514600,5607200,5719600,5835500,5956900,
Lao PDR,19.85627,102.495496,236800,LAO,East Asia & Pacific,Lower middle income,88.45,88.10,87.12,86.93,86.58,85.97,85.65,85.92,86.23,86.55,85.47,84.85,83.90,82.08,77.65,77.24,73.00,72.22,69.06,66.82,71.51,66.27,63.35,60.68,60.47,59.32,-29.13,4258472,4379236,4500351,4619944,4735845,4846483,4951195,5050315,5144602,5235346,5323700,5409582,5493246,5576640,5662208,5751676,5846074,5944948,6046620,6148623,6249165,6347567,6444530,6541304,6639756,6741164,
Latvia,56.879635,24.603189,64490,LVA,Europe & Central Asia,High income,17.57,18.68,21.59,25.38,28.34,32.43,32.03,32.89,35.35,36.33,35.82,35.35,34.38,34.34,36.11,36.30,34.00,33.08,33.70,38.39,33.06,35.53,40.37,39.60,40.24,38.10,20.53,2663151,2650581,2614338,2563290,2520742,2485056,2457222,2432851,2410019,2390482,2367550,2337170,2310173,2287955,2263122,2238799,2218357,2200325,2177322,2141669,2097555,2059709,2034319,2012647,1993782,1977527,
Lebanon,33.854721,35.862285,10450,LBN,Middle East & North Africa,Upper middle income,11.34,8.53,8.04,5.46,5.36,4.53,5.03,4.70,5.54,4.26,4.91,4.42,5.74,7.46,6.52,6.92,7.50,8.56,5.67,4.28,5.20,5.18,4.94,5.72,3.23,3.65,-7.69,2803044,2921706,3076132,3246126,3403357,3528380,3610665,3658424,3693520,3747766,3842778,3991001,4182205,4388375,4569378,4698763,4759753,4767344,4764741,4813026,4953061,5202343,5538634,5914621,6262410,6532678,
Lesotho,-29.609988,28.233608,30360,LSO,Sub-Saharan Africa,Lower middle income,52.03,51.95,51.36,50.99,50.81,50.78,50.79,50.60,50.62,56.88,56.70,56.50,56.16,55.94,55.41,55.31,55.46,55.33,54.99,53.98,53.45,53.14,52.41,52.30,51.39,52.14,0.11,1703747,1742539,1782285,1822236,1861324,1898598,1934291,1968044,1997516,2019731,2032804,2035740,2029829,2018348,2005940,1996114,1989939,1986922,1987129,1990131,1995581,2003787,2014990,2028519,2043437,2059021,
Liberia,6.428055,-9.429499,111370,LBR,Sub-Saharan Africa,Low income,88.82,90.07,88.93,87.44,86.85,86.60,86.99,87.65,88.00,90.05,90.83,90.72,91.40,90.72,90.18,88.23,87.63,89.85,91.49,91.51,89.21,87.37,85.18,86.99,83.94,83.85,-4.97,2075912,2040139,2001624,1976699,1986493,2044661,2160478,2326202,2517481,2699712,2848456,2953927,3024729,3077058,3135651,3218116,3329211,3461911,3607860,3754133,3891356,4017443,4135659,4248334,4359505,4472230,
Libya,26.3351,17.228331,1759540,LBY,Middle East & North Africa,Upper middle income,3.13,3.01,2.89,2.70,2.36,2.19,2.10,2.12,2.15,2.04,2.04,2.02,1.97,1.95,1.87,1.81,1.88,2.00,1.88,1.72,1.57,2.23,1.91,1.72,1.75,1.97,-1.16,4436661,4544242,4650885,4755133,4854875,4948798,5036171,5118007,5196780,5275926,5357891,5443248,5531089,5620547,5710154,5798614,5886872,5974787,6058748,6133984,6197663,6247439,6285750,6320359,6362037,6418315,
Lithuania,55.169438,23.881275,65286.00098,LTU,Europe & Central Asia,High income,3.10,2.89,4.61,8.89,9.82,10.34,11.47,11.62,12.93,14.97,17.19,17.59,17.89,18.07,18.07,17.51,17.46,17.06,18.33,20.09,21.46,22.74,23.92,26.34,27.71,28.96,25.86,3697838,3704134,3700114,3682613,3657144,3629102,3601613,3575137,3549331,3524238,3499536,3470818,3443067,3415213,3377075,3322528,3269909,3231294,3198231,3162916,3097282,3028115,2987773,2957689,2932367,2904910,
Luxembourg,49.815273,6.129583,2590,LUX,Europe & Central Asia,High income,1.72,1.70,2.01,1.99,2.82,3.99,3.07,4.39,6.73,5.86,6.85,3.43,1.31,1.27,1.36,1.89,2.09,3.64,3.97,3.74,3.66,3.73,4.15,5.72,6.88,9.03,7.31,381850,387000,392175,397475,402925,408625,414225,419450,424700,430475,436300,441525,446175,451630,458095,465158,472637,479993,488650,497783,506953,518347,530946,543360,556319,569604,
Madagascar,-18.766947,46.869107,587295,MDG,Sub-Saharan Africa,Low income,85.65,84.86,85.23,85.52,82.79,82.94,82.51,77.26,76.29,78.22,78.40,80.00,83.48,80.60,79.86,80.47,84.34,83.34,82.33,83.18,81.93,78.84,76.40,72.74,72.03,70.17,-15.47,11598633,11942819,12301336,12675460,13066543,13475400,13902688,14347854,14808791,15282521,15766806,16260932,16765117,17279141,17802997,18336724,18880269,19433530,19996473,20569117,21151640,21743967,22346641,22961253,23589887,24234088,
Malawi,-13.254308,34.301525,118480,MWI,Sub-Saharan Africa,Low income,84.03,82.67,82.75,81.34,82.03,81.70,81.45,81.23,81.93,80.48,82.47,81.22,82.18,81.34,82.29,83.80,83.34,84.09,81.53,83.36,79.47,79.66,80.37,79.87,79.95,83.65,-0.38,9404500,9600355,9685973,9710331,9745690,9844415,10022789,10264906,10552338,10854322,11148758,11432000,11713664,12000181,12301838,12625952,12973699,13341806,13727890,14128155,14539612,14962112,15396005,15839269,16289540,16745303,
Malaysia,4.210484,101.975766,330345,MYS,East Asia & Pacific,Upper middle income,11.98,11.15,10.27,10.03,9.93,9.03,7.47,6.71,7.17,7.34,6.74,6.48,5.72,5.41,5.17,4.92,4.99,4.56,4.73,4.23,3.82,4.11,4.41,4.49,4.77,5.19,-6.79,18029824,18519937,19002656,19484898,19977500,20487607,21017613,21562793,22114654,22661298,23194257,23709119,24208391,24698819,25190652,25690611,26201961,26720370,27236006,27735040,28208035,28650955,29068159,29468872,29866559,30270962,
Maldives,3.202778,73.22068,300,MDV,South Asia,Upper middle income,4.46,4.45,3.13,3.82,4.02,3.32,3.16,2.72,3.03,2.20,2.13,2.05,1.63,1.97,1.53,1.76,1.44,1.38,1.36,1.26,1.16,1.14,1.04,1.04,0.90,1.01,-3.45,223158,229751,236265,242605,248588,254139,259183,263842,268455,273527,279398,286306,294186,302683,311265,319608,327487,335169,343452,353398,365734,380495,397237,415593,435015,454915,
Mali,17.570692,-3.996166,1240190,MLI,Sub-Saharan Africa,Low income,88.64,88.62,87.98,87.50,87.80,88.07,87.85,87.73,85.60,85.32,85.39,85.33,85.91,86.44,85.84,85.80,82.67,78.89,76.24,72.71,69.13,66.65,64.93,62.41,64.59,61.53,-27.11,8449913,8635527,8850334,9087176,9334880,9585653,9837571,10094368,10360561,10642936,10946445,11271600,11616887,11982695,12369070,12775516,13203378,13651464,14113577,14581429,15049353,15514591,15979499,16449864,16934220,17438778,
Malta,35.937496,14.375416,320,MLT,Middle East & North Africa,High income,0.00,0.00,0.00,0.00,0.00,0.00,0.00,0.00,0.00,0.00,0.00,0.00,0.09,0.10,0.12,0.18,0.21,0.27,0.25,0.26,1.39,2.03,2.60,2.58,3.93,5.36,5.36,354170,363845,367618,371308,374797,377419,379905,382791,385287,387578,390087,393028,395969,398582,401268,403834,405308,406724,409379,412477,414508,416268,420028,425967,434558,445053,
Marshall Islands,7.131474,171.184478,180,MHL,East Asia & Pacific,Upper middle income,,,19.34,19.00,19.44,19.38,19.63,19.69,19.56,19.45,19.57,19.08,18.63,18.56,18.40,18.38,16.96,15.21,14.78,13.96,13.31,12.06,12.01,12.07,12.02,11.16,,47271,48404,49245,49831,50215,50457,50533,50450,50356,50423,50753,51422,52370,53456,54476,55258,55767,56051,56174,56250,56366,56531,56717,56938,57179,57439,
Mauritania,21.00789,-10.940835,1030700,MRT,Sub-Saharan Africa,Lower middle income,47.00,46.66,46.42,46.06,45.49,45.25,43.88,43.81,46.01,43.93,44.41,44.18,42.13,40.17,38.59,38.77,39.12,35.63,35.80,33.43,34.00,33.28,31.84,34.20,32.02,32.16,-14.84,2034346,2087912,2142645,2198532,2255516,2313630,2372901,2433563,2496216,2561585,2630219,2702400,2778099,2857148,2939247,3024194,3111906,3202517,3296238,3393409,3494195,3598648,3706554,3817494,3930896,4046301,
Mauritius,-20.348404,57.552152,2040,MUS,Sub-Saharan Africa,Upper middle income,47.07,43.34,43.16,38.77,35.43,38.83,35.56,36.44,33.53,21.05,20.42,20.08,17.93,18.90,19.08,17.74,16.49,15.77,12.82,12.87,13.66,12.14,11.61,11.44,10.63,11.54,-35.53,1058775,1070266,1084441,1097374,1112846,1122457,1133996,1148284,1160421,1175267,1186873,1196287,1204621,1213370,1221003,1228254,1233996,1239630,1244121,1247429,1250400,1252404,1255882,1258653,1260934,1262605,
Mexico,23.634501,-102.552784,1964375,MEX,Latin America & Caribbean,Upper middle income,14.41,13.20,13.43,13.30,11.86,13.26,13.06,12.70,12.24,12.75,12.17,11.34,10.68,10.17,10.21,10.31,9.82,9.46,9.77,9.17,9.36,9.07,8.96,9.23,9.76,9.22,-5.20,83943132,85512623,87075138,88625440,90156400,91663285,93147044,94611002,96056321,97484832,98899845,100298153,101684758,103081020,104514932,106005203,107560153,109170502,110815271,112463887,114092963,115695473,117274155,118827161,120355128,121858258,
Micronesia,7.425554,150.550812,700,FSM,East Asia & Pacific,Lower middle income,,,1.46,1.55,1.48,1.41,1.49,1.49,1.56,1.23,1.19,0.80,1.02,1.02,1.04,1.10,1.25,1.21,1.35,1.15,1.50,1.43,1.32,1.25,1.16,1.20,,96301,98770,101389,103915,106030,107529,108321,108480,108208,107781,107402,107173,107030,106901,106625,106129,105371,104444,103543,102975,102911,103450,104506,105926,107446,108895,
Moldova,47.411631,28.369885,33850,MDA,Europe & Central Asia,Lower middle income,1.14,1.62,2.17,2.39,2.58,2.84,3.66,3.85,4.08,4.87,5.72,5.60,5.83,5.92,4.85,4.31,4.98,4.47,4.94,4.86,8.44,9.89,10.47,13.08,13.05,14.27,13.13,3696000,3704000,3706000,3701000,3690000,3675099,3667748,3654208,3652732,3647001,3639592,3631462,3623062,3612874,3603945,3595187,3585209,3576910,3570108,3565604,3562045,3559986,3559519,3558566,3556397,3554108,
Mongolia,46.862496,103.846656,1564120,MNG,East Asia & Pacific,Lower middle income,1.89,1.97,2.40,2.67,3.04,3.01,3.44,3.39,3.74,3.59,5.71,6.07,6.50,6.08,5.74,5.32,4.46,4.68,4.63,4.36,4.35,3.90,2.85,2.92,3.27,3.43,1.54,2184145,2217917,2243495,2263186,2280479,2298020,2316568,2335734,2355664,2376225,2397418,2419588,2443271,2468762,2496391,2526424,2558856,2593820,2631898,2673796,2719896,2770362,2824699,2881792,2940108,2998439,
Morocco,31.791702,-7.09262,446550,MAR,Middle East & North Africa,Lower middle income,19.48,19.56,18.14,17.64,17.06,17.16,17.85,17.52,16.88,15.41,15.26,15.12,14.94,15.70,23.51,20.66,18.65,16.97,15.12,14.76,14.41,12.35,11.40,12.05,11.72,11.32,-8.17,24807462,25260404,25711406,26155203,26584478,26994250,27383473,27754571,28110443,28455509,28793679,29126330,29454768,29782884,30115214,30455561,30804683,31163673,31536811,31929087,32343389,32781850,33241898,33715693,34192347,34663603,
Mozambique,-18.665695,35.529562,786380,MOZ,Sub-Saharan Africa,Low income,93.10,94.30,93.12,91.96,93.19,92.84,93.13,92.64,94.01,94.17,93.61,93.95,93.73,92.75,92.92,93.62,93.29,92.14,92.43,91.67,91.30,90.46,90.82,90.32,88.86,86.40,-6.70,12987292,13328032,13806001,14370946,14948048,15483286,15960442,16397183,16813949,17244188,17711927,18221888,18764155,19331100,19910552,20493925,21080110,21673316,22276596,22894710,23531574,24187487,24862648,25560725,26286163,27042002,
Myanmar,21.916221,95.955974,676590,MMR,East Asia & Pacific,Lower middle income,90.91,91.12,90.79,89.25,87.97,85.22,84.61,85.16,83.35,81.88,80.16,82.47,83.00,79.79,80.27,79.55,81.12,80.32,85.57,85.63,84.40,83.86,77.91,74.11,66.13,61.53,-29.38,41335199,41890197,42401684,42890002,43383428,43901598,44452206,45027233,45611220,46181077,46719701,47225120,47702171,48148902,48564484,48949924,49301050,49621475,49929642,50250367,50600818,50990615,51413698,51852451,52280807,52680726,
Namibia,-22.95764,18.49041,824290,NAM,Sub-Saharan Africa,Upper middle income,,43.18,41.45,39.24,34.32,33.70,33.35,32.66,34.18,35.44,33.51,29.30,33.01,32.56,32.11,32.06,32.86,32.77,27.03,27.08,26.37,27.94,28.56,28.27,27.62,26.47,,1432905,1476388,1516958,1555101,1591822,1627865,1663378,1698032,1731639,1763859,1794571,1823672,1851523,1879117,1907745,1938320,1971317,2006514,2043394,2081044,2118874,2156701,2194784,2233510,2273430,2314904,
Nauru,-0.522778,166.931503,20,NRU,East Asia & Pacific,Upper middle income,0.00,0.00,0.00,0.00,0.00,0.00,0.00,0.00,0.00,0.00,0.00,0.00,0.00,0.00,0.00,0.00,0.07,0.08,0.08,0.08,0.08,0.09,0.09,0.08,0.08,0.08,0.08,9505,9764,10030,10287,10498,10628,10672,10647,10565,10449,10337,10215,10102,9994,9902,9849,9828,9842,9891,9939,10005,10057,10279,10821,11853,12475,
Nepal,28.394857,84.124008,147180,NPL,South Asia,Low income,95.12,94.19,94.16,93.55,92.38,91.73,91.52,90.71,90.49,88.05,88.28,87.76,89.94,89.44,90.30,89.52,91.25,91.31,90.47,88.93,87.29,86.95,84.70,86.25,84.37,85.26,-9.86,18905478,19405504,19938320,20489975,21040904,21576071,22090352,22584775,23057883,23509964,23941110,24347106,24725627,25080872,25419344,25744500,26066693,26382581,26666576,26883535,27013212,27041437,26989862,26917906,26906926,27015031,
Netherlands,52.132633,5.291266,41540,NLD,Europe & Central Asia,High income,1.20,1.17,1.21,1.21,1.26,1.28,1.29,1.51,1.57,1.65,1.75,1.78,1.93,1.92,2.24,2.77,3.15,3.72,3.97,4.41,3.87,4.70,4.96,5.02,5.66,5.89,4.69,14951510,15069798,15184166,15290368,15382838,15459006,15530498,15610650,15707209,15812088,15925513,16046180,16148929,16225302,16281779,16319868,16346101,16381696,16445593,16530388,16615394,16693074,16754962,16804432,16865008,16939923,
New Zealand,-40.900557,174.885971,267710,NZL,East Asia & Pacific,High income,30.03,29.68,27.61,29.25,30.20,30.58,29.45,27.65,29.59,28.66,28.96,26.88,28.77,28.11,30.56,29.27,29.38,29.12,28.16,30.23,31.32,32.13,30.47,30.01,30.32,30.79,0.76,3329800,3495100,3531700,3572200,3620000,3673400,3732000,3781300,3815000,3835100,3857700,3880500,3948500,4027200,4087500,4133900,4184600,4223800,4259800,4302600,4350700,4384000,4408100,4442100,4509700,4595700,
Nicaragua,12.865416,-85.207229,130370,NIC,Latin America & Caribbean,Lower middle income,68.77,70.52,67.12,67.56,64.49,64.54,63.94,62.73,60.42,59.38,58.37,56.57,56.59,54.12,53.78,53.90,51.77,51.36,52.56,52.80,52.64,51.68,52.08,52.56,51.84,48.20,-20.56,4173434,4267568,4364512,4462497,4559006,4652185,4741578,4827661,4910647,4991040,5069302,5145366,5219328,5292118,5364935,5438690,5513763,5590055,5667432,5745526,5824065,5903039,5982526,6062454,6142733,6223240,
Nigeria,9.081999,8.675277,923770,NGA,Sub-Saharan Africa,Lower middle income,87.78,86.50,84.52,86.33,88.61,88.04,87.11,85.55,87.08,87.12,86.19,84.60,84.51,82.96,83.97,84.07,86.14,87.38,86.35,88.83,86.78,86.15,86.45,86.78,87.30,86.64,-1.14,95212450,97667632,100161710,102700753,105293700,107948335,110668794,113457663,116319759,119260063,122283850,125394046,128596076,131900631,135320422,138865016,142538308,146339977,150269623,154324933,158503197,162805071,167228767,171765769,176404902,181137448,
North Korea,40.339852,127.510093,120540,PRK,East Asia & Pacific,Low income,7.19,7.54,7.74,8.00,8.99,9.60,10.21,9.64,9.89,9.38,8.72,8.62,9.03,9.27,9.37,9.23,8.96,10.90,10.20,12.31,13.47,18.08,17.69,23.81,21.03,23.12,15.93,20293054,20609150,20937404,21265834,21577982,21862299,22113438,22335267,22536753,22731482,22929075,23132980,23339453,23542426,23732731,23904167,24054864,24188331,24310142,24428341,24548836,24673385,24800612,24929452,25057752,25183833,
North Macedonia,41.608635,21.745275,25710,MKD,Europe & Central Asia,Upper middle income,2.41,4.42,16.01,14.85,16.58,17.80,14.21,15.90,15.07,17.68,19.38,15.17,14.63,17.29,18.20,18.95,19.65,15.70,15.59,18.47,22.33,18.64,18.28,21.20,21.20,24.22,21.81,1996228,1993302,1988659,1984028,1981703,1983252,1989443,1999598,2012057,2024394,2034819,2042842,2048928,2053426,2057048,2060273,2063131,2065426,2067313,2069039,2070741,2072487,2074278,2076067,2077775,2079328,
Norway,60.472024,8.468946,625217.1094,NOR,Europe & Central Asia,High income,59.17,60.78,61.38,61.10,60.40,60.05,57.85,58.84,59.52,59.41,60.19,59.61,59.49,56.26,56.87,58.59,57.06,57.39,58.49,56.77,56.42,56.53,58.28,57.73,57.20,57.77,-1.40,4241473,4261732,4286401,4311991,4336613,4359184,4381336,4405157,4431464,4461913,4490967,4513751,4538159,4564855,4591910,4623291,4660677,4709153,4768212,4828726,4889252,4953088,5018573,5079623,5137232,5188607,
Pakistan,30.375321,69.345116,796100,PAK,South Asia,Lower middle income,57.50,58.09,55.98,54.15,54.20,53.12,52.17,51.94,51.60,50.23,50.96,51.32,51.09,49.71,47.51,47.52,46.51,44.28,45.99,45.77,46.72,46.07,46.52,47.46,46.60,46.48,-11.02,107647921,110778648,113911126,117086685,120362762,123776839,127349290,131057431,134843233,138624621,142343578,145978402,149549700,153093373,156664697,160304008,164022627,167808105,171648986,175525609,179424641,183340592,187281475,191262919,195306825,199426964,
Panama,8.537981,-80.782127,75420,PAN,Latin America & Caribbean,High income,43.59,41.26,40.22,40.41,38.31,35.28,37.35,37.04,31.97,34.22,34.40,31.09,34.70,33.84,33.38,27.04,26.94,26.49,30.55,26.22,19.94,19.14,20.62,20.31,19.77,21.23,-22.36,2470947,2523118,2575954,2629580,2684116,2739668,2796291,2853913,2912316,2971196,3030328,3089648,3149188,3209048,3269356,3330217,3391666,3453675,3516204,3579215,3642687,3706483,3770624,3835437,3901315,3968487,
Papua New Guinea,-5.0122202,141.3470159,462840,PNG,East Asia & Pacific,Lower middle income,71.70,71.71,71.61,71.25,69.40,70.73,70.02,68.95,68.04,68.71,66.38,63.44,62.48,60.40,57.48,58.56,58.85,57.13,56.92,56.02,55.25,54.73,55.47,54.00,52.55,52.50,-19.20,4615839,4725547,4836217,4949051,5065661,5187060,5314248,5446641,5581762,5716161,5847586,5974629,6098621,6223377,6354245,6494903,6646895,6808514,6976201,7144776,7310507,7472200,7631002,7788379,7946731,8107775,
Paraguay,-23.442503,-58.443832,406751.9922,PRY,Latin America & Caribbean,Upper middle income,78.51,79.15,75.73,72.61,69.88,70.17,70.76,69.52,67.44,65.88,70.41,69.84,67.68,67.05,66.73,68.82,67.26,66.79,66.63,66.39,64.25,63.11,62.68,63.10,63.12,61.68,-16.83,4223415,4334345,4445016,4555521,4666094,4776843,4887632,4998100,5107839,5216349,5323201,5428444,5531962,5632983,5730549,5824096,5913209,5998427,6081296,6163972,6248020,6333976,6421512,6510276,6599526,6688746,
Peru,-9.189967,-75.015152,1285220,PER,Latin America & Caribbean,Upper middle income,39.43,39.91,37.31,37.08,35.93,33.28,31.71,31.74,32.69,30.68,32.16,34.84,34.17,34.82,32.61,32.73,33.88,32.37,25.72,28.06,30.80,29.55,28.25,25.98,26.00,25.50,-13.92,22071433,22522378,22966818,23408131,23851408,24299160,24753824,25210954,25658062,26078293,26459944,26799285,27100968,27372226,27624213,27866145,28102056,28333052,28562317,28792655,29027674,29264318,29506788,29773987,30090359,30470734,
Philippines,12.879721,121.774017,300000,PHL,East Asia & Pacific,Lower middle income,50.95,51.96,48.71,45.86,44.44,38.94,36.88,33.80,33.43,34.07,34.85,33.53,32.83,32.05,31.31,31.43,32.60,31.20,31.73,31.22,28.81,29.40,30.22,29.31,28.58,27.45,-23.50,61895160,63454786,65020116,66593904,68180859,69784088,71401749,73030884,74672014,76325927,77991755,79672873,81365258,83051971,84710542,86326250,87888675,89405482,90901965,92414158,93966780,95570047,97212638,98871552,100513138,102113212,
Poland,51.919438,19.145136,312680,POL,Europe & Central Asia,High income,2.50,2.06,2.30,6.13,6.20,6.33,5.87,5.98,6.54,6.41,6.93,7.29,7.49,7.29,7.31,7.21,7.18,7.28,8.01,8.84,9.49,10.44,10.92,11.41,11.57,11.91,9.41,38110782,38246193,38363667,38461408,38542652,38594998,38624370,38649660,38663481,38660271,38258629,38248076,38230364,38204570,38182222,38165445,38141267,38120560,38125759,38151603,38042794,38063255,38063164,38040196,38011735,37986412,
Portugal,39.399872,-8.224454,92225.5957,PRT,Europe & Central Asia,High income,26.94,25.79,22.40,24.37,24.95,23.74,25.35,24.55,22.43,19.02,20.11,20.83,18.28,22.09,19.87,18.07,22.33,23.15,23.19,24.89,27.83,27.22,25.52,30.17,30.46,27.16,0.21,9983218,9960235,9952494,9964675,9991525,10026176,10063945,10108977,10160196,10217828,10289898,10362722,10419631,10458821,10483861,10503330,10522288,10542964,10558177,10568247,10573100,10557560,10514844,10457295,10401062,10358076,
Romania,45.943161,24.96676,238400,ROU,Europe & Central Asia,Upper middle income,3.36,4.97,5.58,7.20,7.64,8.60,11.92,15.75,16.28,17.73,16.37,13.39,14.41,15.67,17.28,18.51,17.41,18.18,20.39,22.18,24.10,21.11,21.55,23.09,24.33,23.70,20.34,23201835,23001155,22794284,22763280,22730211,22684270,22619004,22553978,22507344,22472040,22442971,22131970,21730496,21574326,21451748,21319685,21193760,20882982,20537875,20367487,20246871,20147528,20058035,19983693,19908979,19815481,
Russian Federation,61.52401,105.318756,17098250,RUS,Europe & Central Asia,Upper middle income,3.75,3.77,3.98,4.04,3.87,3.87,3.69,3.75,3.59,3.82,3.50,3.62,3.46,3.28,3.55,3.62,3.48,3.67,3.31,3.60,3.34,3.23,3.35,3.74,3.42,3.30,-0.45,148292000,148624000,148689000,148520000,148336000,148375726,148160042,147915307,147670692,147214392,146596557,145976083,145306046,144648257,144067054,143518523,143049528,142805088,142742350,142785342,142849449,142960868,143201676,143506911,143819666,144096870,
Rwanda,-1.940278,29.873888,26340,RWA,Sub-Saharan Africa,Low income,80.09,81.83,81.56,81.33,78.54,88.36,89.15,91.12,90.80,90.76,86.68,86.88,87.11,87.29,87.54,89.24,90.59,90.31,90.63,90.54,90.66,89.64,88.79,88.47,88.18,86.66,6.57,7288882,7083935,6702244,6263757,5936261,5836495,6013107,6419901,6962802,7501234,7933681,8231156,8427060,8557161,8680524,8840215,9043337,9273757,9524534,9782770,10039338,10293331,10549678,10811543,11083635,11369071,
Samoa,-13.759029,-172.104629,2840,WSM,East Asia & Pacific,Upper middle income,46.20,46.24,45.70,46.14,46.15,45.22,44.75,44.84,44.98,44.71,45.37,44.07,44.95,44.58,44.62,45.13,45.04,45.94,45.97,45.69,46.75,39.82,40.12,42.25,42.34,34.32,-11.88,162803,163997,165490,167119,168694,170054,171165,172068,172839,173609,174454,175392,176407,177484,178590,179727,180876,182046,183263,184556,185949,187469,189088,190717,192221,193513,
Sao Tome and Principe,0.18636,6.613081,960,STP,Sub-Saharan Africa,Lower middle income,50.93,50.93,54.18,54.06,54.01,53.94,55.63,56.08,55.06,56.68,54.73,55.47,55.34,51.81,48.92,47.94,47.33,47.69,46.04,45.41,43.76,43.12,41.25,41.40,41.81,41.06,-9.87,119209,121956,124576,127062,129427,131678,133806,135832,137848,139959,142262,144755,147447,150415,153737,157472,161681,166300,171120,175876,180371,184524,188404,192087,195727,199432,
Saudi Arabia,23.885942,45.079162,2149690,SAU,Middle East & North Africa,High income,0.04,0.04,0.02,0.02,0.03,0.03,0.01,0.01,0.01,0.01,0.01,0.01,0.01,0.01,0.01,0.01,0.01,0.01,0.01,0.01,0.01,0.01,0.01,0.01,0.01,0.01,-0.03,16233785,16772694,17282691,17763298,18214470,18638787,19033845,19407142,19783304,20194527,20663843,21202642,21805313,22456649,23132682,23816183,24498310,25184597,25888541,26630303,27421461,28267685,29155187,30052518,30916994,31717667,
Senegal,14.497401,-14.452362,196710,SEN,Sub-Saharan Africa,Lower middle income,55.55,55.27,53.66,55.09,54.75,53.18,52.47,50.67,48.02,45.85,47.52,45.83,44.48,44.72,40.80,41.23,44.20,40.63,40.47,51.96,50.26,48.66,50.37,43.59,43.36,42.71,-12.84,7526307,7755496,7990096,8226760,8461068,8690164,8912861,9130877,9347774,9568722,9797734,10036104,10283699,10541467,10810083,11090116,11382268,11687080,12004701,12335084,12678148,13033809,13401991,13782420,14174731,14578459,
Serbia,44.016521,21.005859,88360,SRB,Europe & Central Asia,Upper middle income,15.49,18.22,19.31,20.88,22.03,24.98,19.43,16.30,16.74,23.68,23.59,21.16,19.08,16.26,14.87,16.37,15.69,14.29,15.57,20.82,20.60,17.55,19.61,20.23,23.43,21.17,5.68,7586000,7595636,7646424,7699307,7734639,7625357,7617794,7596501,7567745,7540401,7516346,7503433,7496522,7480591,7463157,7440769,7411569,7381579,7350222,7320807,7291436,7234099,7199077,7164132,7130576,7095383,
Seychelles,-4.679574,55.491977,460,SYC,Sub-Saharan Africa,High income,4.25,3.48,3.34,3.11,2.76,2.96,2.29,1.37,1.03,0.87,0.57,0.51,0.56,0.53,0.40,0.38,0.35,0.43,0.38,0.51,0.63,0.96,0.63,1.29,1.30,1.35,-2.90,69507,70439,70763,72253,74205,75304,76417,77319,78846,80410,81131,81202,83723,82781,82475,82858,84600,85033,86956,87298,89770,87441,88303,89949,91359,93419,
Sierra Leone,8.460555,-11.779889,72300,SLE,Sub-Saharan Africa,Low income,91.28,90.26,90.22,90.13,89.72,90.24,90.08,90.46,91.26,91.37,89.28,87.17,87.13,85.69,85.74,87.25,83.39,85.56,85.27,85.39,84.18,80.35,78.43,75.22,73.05,77.66,-13.62,4319762,4348660,4347724,4328957,4309775,4303957,4312666,4335301,4381483,4462378,4584571,4754072,4965766,5201070,5433991,5645624,5829237,5989633,6133603,6272734,6415634,6563240,6712581,6863980,7017144,7171914,
Singapore,1.352083,103.819836,719.0000153,SGP,East Asia & Pacific,High income,0.19,0.50,0.53,0.52,0.48,0.45,0.46,0.43,0.43,0.43,0.33,0.60,0.58,0.58,0.53,0.54,0.52,0.50,0.53,0.48,0.48,0.47,0.50,0.56,0.62,0.71,0.51,3047132,3135083,3230698,3313471,3419048,3524506,3670704,3796038,3927213,3958723,4027887,4138012,4175950,4114826,4166664,4265762,4401365,4588599,4839396,4987573,5076732,5183688,5312437,5399162,5469724,5535002,
Slovakia,48.669026,19.699024,49030,SVK,Europe & Central Asia,High income,2.23,2.09,2.32,4.10,4.72,4.21,3.91,3.85,3.63,3.80,3.73,6.00,5.48,5.35,6.25,6.31,6.57,8.23,7.63,10.00,10.28,10.36,10.47,10.68,12.24,13.41,11.18,5299187,5303294,5305016,5325305,5346331,5361999,5373361,5383291,5390516,5396020,5388720,5378867,5376912,5373374,5372280,5372807,5373054,5374622,5379233,5386406,5391428,5398384,5407579,5413393,5418649,5423801,
Slovenia,46.151241,14.995463,20675,SVN,Europe & Central Asia,High income,12.35,13.13,13.90,12.36,12.34,11.49,11.09,10.23,11.09,10.95,15.86,14.99,14.10,14.18,15.41,14.57,14.41,14.09,13.85,19.03,19.50,18.59,19.70,22.01,22.30,20.88,8.53,1998161,1999429,1996498,1991746,1989443,1989872,1988628,1985956,1981629,1983045,1988925,1992060,1994530,1995733,1997012,2000474,2006868,2018122,2021316,2039669,2048583,2052843,2057159,2059953,2061980,2063531,
Solomon Islands,-9.64571,160.156194,28900,SLB,East Asia & Pacific,Lower middle income,59.01,58.96,59.55,60.05,60.50,59.98,59.92,62.87,63.47,66.76,66.90,66.55,66.50,65.21,65.75,67.08,66.46,64.01,64.30,64.01,63.49,63.67,63.53,63.43,62.99,63.31,4.29,311866,320780,329995,339504,349281,359281,369523,379999,390693,401586,412660,423944,435432,447017,458539,469918,481078,492132,503360,515181,527861,541521,556064,571335,587079,603118,
Somalia,5.152149,46.199616,637660,SOM,Sub-Saharan Africa,Low income,87.20,87.74,88.81,89.40,89.91,90.57,91.05,91.73,92.47,92.90,93.28,93.26,92.58,92.80,93.00,93.30,93.47,93.02,93.37,93.63,93.57,93.65,93.89,94.23,94.43,94.29,7.08,7225092,7274030,7295384,7315865,7372598,7491637,7682686,7936127,8235064,8553601,8872254,9186725,9501342,9815412,10130243,10446863,10763905,11080121,11397188,11717692,12043883,12376302,12715510,13063706,13423576,13797201,
South Africa,-30.559482,22.937506,1219090,ZAF,Sub-Saharan Africa,Upper middle income,16.63,17.47,18.36,18.59,18.56,18.11,17.44,17.11,17.27,18.22,18.51,19.12,18.32,17.51,16.76,16.25,16.37,15.81,15.99,15.57,17.08,16.98,16.63,16.10,16.59,17.15,0.52,36800509,37718950,38672607,39633750,40564059,41435758,42241011,42987461,43682260,44338543,44967708,45571274,46150913,46719196,47291610,47880601,48489459,49119759,49779471,50477011,51216964,52004172,52834005,53689236,54545991,55386367,
South Korea,35.907757,127.766922,100339.0039,KOR,East Asia & Pacific,High income,1.63,0.96,0.75,0.73,0.44,0.44,0.61,0.68,0.95,0.79,0.70,0.69,0.70,0.85,0.77,0.87,0.95,1.02,1.06,1.21,1.31,1.35,1.61,1.92,2.84,2.71,1.08,42869283,43295704,43747962,44194628,44641540,45092991,45524681,45953580,46286503,46616677,47008111,47370164,47644736,47892330,48082519,48184561,48438292,48683638,49054708,49307835,49554112,49936638,50199853,50428893,50746659,51014947,
Spain,40.463667,-3.74922,505935,ESP,Europe & Central Asia,High income,10.54,9.92,8.22,9.08,9.24,8.26,10.06,9.15,8.94,7.68,7.88,8.93,7.42,8.90,8.03,7.29,8.47,9.01,9.74,12.22,14.40,14.75,15.77,16.95,17.35,16.25,5.71,38867322,38966376,39157685,39361262,39549108,39724050,39889852,40057389,40223509,40386875,40567864,40850412,41431558,42187645,42921895,43653155,44397319,45226803,45954106,46362946,46576897,46742697,46773055,46620045,46480882,46444832,
Sri Lanka,7.873054,80.771797,65610,LKA,South Asia,Upper middle income,78.09,77.96,75.28,74.19,70.58,69.94,64.41,65.90,64.15,63.25,64.16,62.93,62.10,61.30,61.61,60.08,62.17,60.20,61.57,63.51,61.84,59.25,60.69,59.87,57.59,52.88,-25.21,17325773,17535729,17736821,17924823,18094477,18242912,18367288,18470900,18564599,18663284,18777601,18911730,19062482,19224037,19387153,19544988,19695972,19842044,19983984,20123508,20261737,20398670,20425000,20585000,20778000,20970000,
Sudan,12.862807,30.217636,1861.484,SDN,Sub-Saharan Africa,Lower middle income,73.27,76.17,77.40,85.63,79.49,81.47,83.61,80.54,81.90,80.85,80.42,79.38,76.76,76.98,75.38,72.43,69.35,65.72,63.66,63.28,61.44,63.97,59.82,61.31,62.44,61.60,-11.67,20147590,20891441,21696244,22527834,23338464,24094747,24782383,25413917,26015521,26626520,27275015,27971082,28704778,29460519,30214193,30949516,31661823,32360621,33060837,33783788,34545013,35349681,36193783,37072550,37977655,38902950,
Sweden,60.128161,18.643501,447430,SWE,Europe & Central Asia,High income,34.06,32.46,33.23,34.39,31.35,33.91,31.36,35.62,35.66,34.79,40.01,37.66,36.15,34.91,35.82,39.99,41.13,42.92,44.87,47.08,45.98,46.49,49.95,48.83,49.69,53.25,19.19,8558835,8617375,8668067,8718561,8780745,8826939,8840998,8846062,8850974,8857874,8872109,8895960,8924958,8958229,8993531,9029572,9080505,9148092,9219637,9298515,9378126,9449213,9519374,9600379,9696110,9799186,
Switzerland,46.818188,8.227512,41290.40039,CHE,Europe & Central Asia,High income,17.12,17.47,17.30,18.36,18.69,18.07,17.12,17.82,17.50,18.81,18.63,19.20,18.69,18.56,18.64,19.31,18.66,19.93,20.24,20.75,21.46,21.56,22.96,22.99,23.42,25.29,8.17,6715519,6799978,6875364,6938265,6993795,7040687,7071850,7088906,7110001,7143991,7184250,7229854,7284753,7339001,7389625,7437115,7483934,7551117,7647675,7743831,7824909,7912398,7996861,8089346,8188649,8282396,
Syrian Arab Republic,34.802075,38.996815,185180,SYR,Middle East & North Africa,Low income,2.36,2.11,2.24,2.23,2.06,1.81,1.66,1.69,1.61,1.75,2.00,2.07,1.61,1.91,2.60,2.11,1.83,1.57,1.27,0.93,1.41,1.90,2.52,2.86,2.35,0.52,-1.84,12446171,12815401,13187663,13565072,13950476,14345492,14754142,15175316,15599591,16013985,16410848,16766561,17084632,17415214,17827825,18361176,19059258,19878254,20664038,21205873,21362529,21082966,20442541,19584274,18715672,17997408,
Tanzania,-6.369028,34.888822,947300,TZA,Sub-Saharan Africa,Low income,94.78,94.97,95.03,95.15,95.18,93.37,92.22,92.75,93.18,94.27,93.72,93.23,92.48,92.38,91.73,91.01,90.90,91.36,91.05,91.64,90.32,88.51,86.35,86.62,86.67,85.71,-9.07,25203845,26056594,26961197,27887203,28792639,29649135,30444526,31192857,31924196,32682239,33499180,34385856,35334788,36337782,37379767,38450320,39548663,40681414,41853944,43073834,44346525,45673338,47052481,48482266,49959822,51482633,
Thailand,15.870032,100.992541,513120,THA,East Asia & Pacific,Upper middle income,33.64,33.02,31.82,26.43,23.87,22.70,21.16,21.25,21.65,21.31,21.99,20.04,20.07,20.34,20.02,20.25,20.69,21.61,22.49,22.66,22.65,22.76,23.29,22.94,24.10,22.86,-10.78,56558186,57232465,57811021,58337773,58875269,59467274,60130186,60846582,61585103,62298571,62952642,63539196,64069087,64549866,64995299,65416189,65812536,66182067,66530984,66866839,67195028,67518382,67835957,68144501,68438730,68714511,
Togo,8.619543,0.824782,56790,TGO,Sub-Saharan Africa,Low income,78.70,82.09,85.79,91.50,81.55,81.52,73.09,79.56,77.75,73.12,77.11,82.06,78.67,74.79,76.14,77.22,79.66,79.94,76.52,63.40,65.83,69.16,72.74,72.40,72.16,71.26,-7.44,3774312,3862992,3945905,4029053,4120616,4226291,4348805,4485951,4632446,4780448,4924402,5062567,5197031,5330639,5467766,5611640,5762880,5920359,6083420,6250835,6421679,6595943,6773807,6954721,7137997,7323158,
Tonga,-21.178986,-175.198242,750,TON,East Asia & Pacific,Upper middle income,1.49,1.25,1.57,1.43,1.23,1.16,1.46,1.26,1.24,1.03,2.48,2.70,2.48,2.01,2.15,2.17,1.87,2.17,1.99,1.82,1.01,1.14,1.15,1.58,1.70,1.88,0.39,95069,95246,95399,95557,95739,95976,96273,96619,97032,97482,97973,98487,99022,99589,100218,100905,101706,102581,103379,103890,103986,103562,102737,101768,101028,100781,
Trinidad and Tobago,10.691803,-61.222503,5130,TTO,Latin America & Caribbean,High income,1.19,1.31,1.28,1.35,1.27,1.19,1.00,0.94,0.90,0.86,0.76,0.68,0.64,0.60,0.63,0.53,0.62,0.37,0.36,0.40,0.33,0.36,0.32,0.31,0.28,0.28,-0.91,1221116,1229103,1236683,1243616,1249520,1254200,1257549,1259848,1261695,1263933,1267153,1271632,1277213,1283559,1290123,1296502,1302561,1308451,1314443,1320930,1328147,1336178,1344817,1353700,1362342,1370328,
Tunisia,33.886917,9.537499,163610,TUN,Middle East & North Africa,Lower middle income,14.48,14.79,14.19,13.87,14.20,14.37,14.38,14.44,14.50,14.49,14.23,14.22,14.55,14.13,13.92,14.18,14.32,14.32,14.61,16.07,12.69,13.33,13.08,13.25,12.93,12.56,-1.92,8242496,8427857,8613861,8795932,8967916,9125398,9267340,9395123,9509857,9613588,9708350,9793903,9871251,9945277,10022277,10106771,10201214,10304726,10414433,10525694,10635244,10741880,10847002,10952951,11063201,11179949,
Turkey,38.963745,35.243322,785350,TUR,Europe & Central Asia,Upper middle income,24.51,24.18,24.22,23.83,24.24,22.10,21.24,20.84,21.63,20.56,17.27,18.11,17.46,16.28,16.77,15.30,14.25,12.48,12.42,13.33,14.33,12.78,12.83,13.85,11.61,13.37,-11.14,53921760,54840590,55748948,56653804,57564204,58486456,59423282,60372568,61329676,62287397,63240194,64192243,65145367,66089402,67010930,67903469,68756810,69581848,70418604,71321399,72326988,73443863,74653016,75928564,77231907,78529409,
Turkmenistan,38.969719,59.556278,488100,TKM,Europe & Central Asia,Upper middle income,0.28,0.32,0.00,0.00,0.00,0.00,0.00,0.00,0.10,0.09,0.09,0.09,0.09,0.08,0.08,0.07,0.09,0.07,0.07,0.08,0.07,0.07,0.04,0.04,0.04,0.04,-0.24,3683967,3789185,3899843,4010789,4115102,4207841,4287346,4355116,4413479,4466135,4516133,4564083,4610005,4655743,4703401,4754646,4810109,4870141,4935767,5007954,5087213,5174085,5267900,5366375,5466328,5565287,
Uganda,1.373333,32.290275,241550,UGA,Sub-Saharan Africa,Low income,96.02,96.04,96.12,96.23,96.84,95.97,95.66,94.68,94.09,94.14,93.91,94.15,94.32,94.23,93.92,92.81,92.42,92.31,92.28,92.44,91.61,91.09,91.27,90.75,90.22,89.06,-6.96,17354392,17953531,18561674,19175988,19793541,20413152,21032821,21655398,22290780,22952410,23650172,24388968,25167257,25980552,26821297,27684585,28571475,29486338,30431736,31411096,32428167,33476919,34559168,35695246,36912148,38225453,
Ukraine,48.379433,31.1655799,603550,UKR,Europe & Central Asia,Lower middle income,0.65,0.70,0.60,0.89,1.11,0.98,0.90,1.03,1.58,1.45,1.25,1.23,1.03,0.97,1.19,1.25,1.73,2.39,2.72,2.96,2.88,2.74,2.86,3.49,3.50,4.14,3.49,51892000,52000470,52150266,52179210,51921041,51512299,51057189,50594105,50143939,49673350,49175848,48683865,48202500,47812950,47451600,47105150,46787750,46509350,46258200,46053300,45870700,45706100,45593300,45489600,45271947,45154029,
United Arab Emirates,23.424076,53.847818,83600,ARE,Middle East & North Africa,High income,0.00,0.00,0.19,0.15,0.12,0.11,0.08,0.08,0.07,0.07,0.08,0.06,0.07,0.07,0.10,0.11,0.12,0.11,0.11,0.11,0.11,0.11,0.10,0.11,0.15,0.14,0.14,1828432,1937153,2052891,2173139,2294385,2415090,2539126,2671362,2813214,2966034,3134062,3302719,3478777,3711932,4068570,4588225,5300174,6168838,7089487,7917372,8549988,8946777,9141596,9197910,9214175,9262900,
United Kingdom,55.378051,-3.435973,243610,GBR,Europe & Central Asia,High income,0.65,0.61,0.84,0.78,1.02,1.06,0.94,1.03,1.03,0.95,0.96,0.85,0.97,0.93,1.14,1.35,1.55,1.84,2.78,3.38,3.64,4.40,4.75,6.02,7.40,8.71,8.06,57247586,57424897,57580402,57718614,57865745,58019030,58166950,58316954,58487141,58682466,58892514,59119673,59370479,59647577,59987905,60401206,60846820,61322463,61806995,62276270,62766365,63258918,63700300,64128226,64613160,65128861,
United States,37.09024,-95.712891,9831510,USA,North America,High income,4.18,4.51,4.76,4.28,4.09,4.73,4.76,4.51,4.53,5.71,5.43,4.68,4.84,5.33,5.48,5.84,6.40,6.30,6.85,7.35,7.51,8.16,8.48,8.71,8.75,8.72,4.54,249623000,252981000,256514000,259919000,263126000,266278000,269394000,272657000,275854000,279040000,282162411,284968955,287625193,290107933,292805298,295516599,298379912,301231207,304093966,306771529,309326085,311580009,313874218,316057727,318386421,320742673,
Uruguay,-32.522779,-55.765835,176220,URY,Latin America & Caribbean,High income,44.81,43.73,43.40,42.76,42.25,41.07,37.57,37.68,36.90,33.30,38.80,40.95,43.04,43.11,38.32,39.91,35.66,41.46,43.28,45.29,52.82,48.84,46.92,50.75,55.39,58.02,13.21,3109601,3131660,3154464,3177745,3201151,3224281,3247381,3270164,3291053,3308012,3319736,3325473,3326040,3323668,3321476,3321803,3325401,3331749,3340221,3349676,3359275,3368934,3378974,3389439,3400434,3412009,
Uzbekistan,41.377491,64.585262,447400,UZB,Europe & Central Asia,Lower middle income,1.33,1.21,1.39,1.60,1.56,1.46,1.65,1.44,1.21,1.17,1.22,1.22,1.19,1.53,1.85,1.86,1.93,1.35,2.33,2.22,2.64,2.25,2.38,2.87,2.90,2.97,1.64,20510000,20952000,21449000,21942000,22377000,22785000,23225000,23667000,24051000,24311650,24650400,24964450,25271850,25567650,25864350,26167000,26488250,26868000,27302800,27767400,28562400,29339400,29774500,30243200,30757700,31298900,
Vanuatu,-15.376706,166.959158,12190,VUT,East Asia & Pacific,Lower middle income,24.16,24.92,26.95,27.12,27.58,27.20,20.45,19.61,21.30,48.91,48.65,47.42,51.92,50.45,64.06,64.26,69.57,42.25,47.60,38.78,38.38,36.64,40.31,42.57,32.14,36.11,11.95,146573,150716,155170,159744,164129,168158,171722,174921,177987,181265,184972,189219,193920,198959,204127,209282,214370,219472,224704,230247,236211,242653,249499,256635,263888,271130,
Venezuela,6.42375,-66.58973,912050,VEN,Latin America & Caribbean,Upper middle income,11.98,13.19,14.11,13.19,13.79,13.11,12.87,13.82,13.64,14.50,14.66,13.39,12.88,12.96,13.76,13.50,15.44,16.52,13.40,13.65,11.44,13.53,12.24,14.42,12.32,12.84,0.86,19632665,20096317,20557683,21016901,21474549,21931084,22385650,22837743,23288564,23739841,24192446,24646472,25100408,25551624,25996594,26432447,26850194,27247610,27635832,28031009,28439940,28888369,29362449,29783571,30045134,30081829,
Vietnam,14.058324,108.277199,331230,VNM,East Asia & Pacific,Lower middle income,76.08,75.64,74.70,70.81,67.99,65.13,62.87,60.79,59.50,59.57,57.96,56.36,52.41,51.02,45.99,44.36,44.46,42.10,39.46,37.17,34.80,36.53,38.11,37.39,37.04,35.00,-41.08,67988862,69436954,70883481,72300308,73651218,74910461,76068743,77133214,78115710,79035871,79910412,80742499,81534407,82301656,83062821,83832661,84617540,85419591,86243413,87092252,87967651,88871561,89802487,90753472,91714595,92677076,
Yemen,15.552727,48.516388,527970,YEM,Middle East & North Africa,Low income,2.15,1.71,1.58,1.79,1.74,1.50,1.48,1.40,1.29,1.21,1.15,1.07,1.06,0.93,0.91,0.89,0.93,0.94,0.90,0.86,0.96,1.14,1.33,0.93,0.97,2.28,0.13,11709993,12302124,12954155,13634076,14297613,14913315,15469274,15975668,16450310,16921149,17409072,17918373,18443691,18985000,19540098,20107409,20687646,21282515,21892146,22516460,23154855,23807588,24473178,25147109,25823485,26497889,
Zambia,-13.133897,27.849332,752610,ZMB,Sub-Saharan Africa,Lower middle income,82.98,82.25,82.71,85.14,86.86,87.11,89.64,87.01,87.76,89.84,89.99,89.81,89.65,89.36,89.50,89.00,89.84,92.96,92.18,92.09,92.10,90.90,88.63,88.48,88.03,87.99,5.00,8036845,8246656,8451347,8656486,8869740,9096607,9339733,9597609,9866476,10140561,10415944,10692193,10971698,11256743,11550642,11856247,12173514,12502958,12848530,13215139,13605984,14023193,14465121,14926504,15399753,15879361,
Zimbabwe,-19.015438,29.154857,390760,ZWE,Sub-Saharan Africa,Lower middle income,63.98,63.74,64.37,64.42,68.53,67.06,66.74,67.39,67.84,64.41,69.26,71.53,74.29,77.83,81.58,80.15,78.65,78.08,82.03,83.15,82.88,79.57,78.02,79.56,81.05,81.80,17.82,10432421,10680995,10900502,11092766,11261744,11410714,11541217,11653242,11747072,11822719,11881477,11923914,11954290,11982224,12019912,12076699,12155491,12255922,12379549,12526968,12697723,12894316,13115131,13350356,13586681,13814629,
